instant,dteday,season,yr,mnth,holiday,weekday,workingday,weathersit,temp,atemp,hum,windspeed,casual,registered,cnt,month_name,avg_cnt_dini_hari,avg_cnt_malam,avg_cnt_pagi,avg_cnt_siang,avg_cnt_sore
1,2011-01-01,Spring,0,1,0,6,0,Mist/Cloudy,0.344167,0.363625,0.805833,0.160446,331,654,985,Jan,17.166666666666668,34.8,12.6,85.0,76.25
2,2011-01-02,Spring,0,1,0,0,0,Mist/Cloudy,0.363478,0.353739,0.696087,0.248539,131,670,801,Jan,10.4,20.0,16.8,74.25,67.0
3,2011-01-03,Spring,0,1,0,1,1,Clear,0.196364,0.189405,0.437273,0.248309,120,1229,1349,Jan,2.75,49.2,76.0,62.5,115.5
4,2011-01-04,Spring,0,1,0,2,1,Clear,0.2,0.212122,0.590435,0.160296,108,1454,1562,Jan,2.8,52.0,90.2,73.75,135.5
5,2011-01-05,Spring,0,1,0,3,1,Clear,0.226957,0.22927,0.436957,0.1869,82,1518,1600,Jan,3.8,65.0,97.6,64.5,127.5
6,2011-01-06,Spring,0,1,0,4,1,Clear,0.204348,0.233209,0.518261,0.0895652,88,1518,1606,Jan,4.4,60.8,103.4,70.0,120.75
7,2011-01-07,Spring,0,1,0,5,1,Mist/Cloudy,0.196522,0.208839,0.498696,0.168726,148,1362,1510,Jan,6.2,47.2,105.0,62.25,117.25
8,2011-01-08,Spring,0,1,0,6,0,Mist/Cloudy,0.165,0.162254,0.535833,0.266804,68,891,959,Jan,11.666666666666666,30.2,21.4,89.25,68.5
9,2011-01-09,Spring,0,1,0,0,0,Clear,0.138333,0.116175,0.434167,0.36195,54,768,822,Jan,9.0,24.0,17.0,69.75,71.0
10,2011-01-10,Spring,0,1,0,1,1,Clear,0.150833,0.150888,0.482917,0.223267,41,1280,1321,Jan,2.6666666666666665,49.8,84.2,45.75,113.0
11,2011-01-11,Spring,0,1,0,2,1,Mist/Cloudy,0.169091,0.191464,0.686364,0.122132,43,1220,1263,Jan,6.0,30.2,105.4,51.75,88.5
12,2011-01-12,Spring,0,1,0,3,1,Clear,0.172727,0.160473,0.599545,0.304627,25,1137,1162,Jan,4.75,49.8,63.6,45.75,98.25
13,2011-01-13,Spring,0,1,0,4,1,Clear,0.165,0.150883,0.470417,0.301,38,1368,1406,Jan,3.5,49.6,95.8,53.5,111.0
14,2011-01-14,Spring,0,1,0,5,1,Clear,0.16087,0.188413,0.537826,0.126548,54,1367,1421,Jan,5.8,55.0,81.2,63.75,114.0
15,2011-01-15,Spring,0,1,0,6,0,Mist/Cloudy,0.233333,0.248112,0.49875,0.157963,222,1026,1248,Jan,12.333333333333334,48.4,25.6,95.0,106.0
16,2011-01-16,Spring,0,1,0,0,0,Clear,0.231667,0.234217,0.48375,0.188433,251,953,1204,Jan,16.0,37.0,26.6,101.5,96.0
17,2011-01-17,Spring,0,1,1,1,0,Mist/Cloudy,0.175833,0.176771,0.5375,0.194017,117,883,1000,Jan,7.833333333333333,27.4,31.0,80.75,84.5
18,2011-01-18,Spring,0,1,0,2,1,Mist/Cloudy,0.216667,0.232333,0.861667,0.146775,9,674,683,Jan,,55.2,,17.666666666666668,88.5
19,2011-01-19,Spring,0,1,0,3,1,Mist/Cloudy,0.292174,0.298422,0.741739,0.208317,78,1572,1650,Jan,4.4,66.8,95.0,68.75,136.0
20,2011-01-20,Spring,0,1,0,4,1,Mist/Cloudy,0.261667,0.25505,0.538333,0.195904,83,1844,1927,Jan,4.666666666666667,84.4,117.0,82.75,140.25
21,2011-01-21,Spring,0,1,0,5,1,Clear,0.1775,0.157833,0.457083,0.353242,75,1468,1543,Jan,6.0,50.2,108.2,68.0,110.75
22,2011-01-22,Spring,0,1,0,6,0,Clear,0.0591304,0.0790696,0.4,0.17197,93,888,981,Jan,9.2,41.2,26.0,73.0,76.75
23,2011-01-23,Spring,0,1,0,0,0,Clear,0.0965217,0.0988391,0.436522,0.2466,150,836,986,Jan,12.2,31.8,21.6,103.0,61.5
24,2011-01-24,Spring,0,1,0,1,1,Clear,0.0973913,0.11793,0.491739,0.15833,86,1330,1416,Jan,3.0,61.0,83.6,53.5,116.0
25,2011-01-25,Spring,0,1,0,2,1,Mist/Cloudy,0.223478,0.234526,0.616957,0.129796,186,1799,1985,Jan,5.2,80.6,116.2,82.0,161.75
26,2011-01-26,Spring,0,1,0,3,1,Light Snow/Rain,0.2175,0.2036,0.8625,0.29385,34,472,506,Jan,8.25,,39.2,43.0,35.0
27,2011-01-27,Spring,0,1,0,4,1,Clear,0.195,0.2197,0.6875,0.113837,15,416,431,Jan,,43.8,,,70.66666666666667
28,2011-01-28,Spring,0,1,0,5,1,Mist/Cloudy,0.203478,0.223317,0.793043,0.1233,38,1129,1167,Jan,3.8,51.6,76.6,32.0,94.75
29,2011-01-29,Spring,0,1,0,6,0,Clear,0.196522,0.212126,0.651739,0.145365,123,975,1098,Jan,14.8,40.4,26.0,76.5,96.5
30,2011-01-30,Spring,0,1,0,0,0,Clear,0.216522,0.250322,0.722174,0.0739826,140,956,1096,Jan,14.166666666666666,31.6,29.25,90.5,93.5
31,2011-01-31,Spring,0,1,0,1,1,Mist/Cloudy,0.180833,0.18625,0.60375,0.187192,42,1459,1501,Jan,4.5,59.2,95.0,64.0,111.75
32,2011-02-01,Spring,0,2,0,2,1,Mist/Cloudy,0.192174,0.23453,0.829565,0.053213,47,1313,1360,Feb,3.6,59.6,74.4,53.0,115.0
33,2011-02-02,Spring,0,2,0,3,1,Mist/Cloudy,0.26,0.254417,0.775417,0.264308,72,1454,1526,Feb,2.3333333333333335,60.2,81.2,63.5,137.75
34,2011-02-03,Spring,0,2,0,4,1,Clear,0.186957,0.177878,0.437826,0.277752,61,1489,1550,Feb,4.4,67.6,99.8,57.75,115.0
35,2011-02-04,Spring,0,2,0,5,1,Mist/Cloudy,0.211304,0.228587,0.585217,0.127839,88,1620,1708,Feb,5.8,58.8,102.6,80.75,137.25
36,2011-02-05,Spring,0,2,0,6,0,Mist/Cloudy,0.233333,0.243058,0.929167,0.161079,100,905,1005,Feb,17.0,62.6,14.4,56.5,73.0
37,2011-02-06,Spring,0,2,0,0,0,Clear,0.285833,0.291671,0.568333,0.1418,354,1269,1623,Feb,19.833333333333332,33.2,33.2,158.5,134.5
38,2011-02-07,Spring,0,2,0,1,1,Clear,0.271667,0.303658,0.738333,0.0454083,120,1592,1712,Feb,6.0,71.2,105.6,59.25,138.75
39,2011-02-08,Spring,0,2,0,2,1,Clear,0.220833,0.198246,0.537917,0.36195,64,1466,1530,Feb,3.6666666666666665,50.4,113.0,57.25,115.5
40,2011-02-09,Spring,0,2,0,3,1,Mist/Cloudy,0.134783,0.144283,0.494783,0.188839,53,1552,1605,Feb,7.2,67.6,104.6,57.25,119.75
41,2011-02-10,Spring,0,2,0,4,1,Clear,0.144348,0.149548,0.437391,0.221935,47,1491,1538,Feb,6.6,73.2,92.0,56.0,113.75
42,2011-02-11,Spring,0,2,0,5,1,Clear,0.189091,0.213509,0.506364,0.10855,149,1597,1746,Feb,7.0,61.4,99.6,82.25,146.0
43,2011-02-12,Spring,0,2,0,6,0,Clear,0.2225,0.232954,0.544167,0.203367,288,1184,1472,Feb,14.0,41.8,34.0,122.25,130.0
44,2011-02-13,Spring,0,2,0,0,0,Clear,0.316522,0.324113,0.457391,0.260883,397,1192,1589,Feb,19.4,45.0,34.4,144.75,129.0
45,2011-02-14,Spring,0,2,0,1,1,Clear,0.415,0.39835,0.375833,0.417908,208,1705,1913,Feb,4.5,55.2,113.0,97.25,164.0
46,2011-02-15,Spring,0,2,0,2,1,Clear,0.266087,0.254274,0.314348,0.291374,140,1675,1815,Feb,6.4,74.6,104.0,72.25,150.25
47,2011-02-16,Spring,0,2,0,3,1,Clear,0.318261,0.3162,0.423478,0.251791,218,1897,2115,Feb,6.2,95.4,112.8,81.75,179.0
48,2011-02-17,Spring,0,2,0,4,1,Clear,0.435833,0.428658,0.505,0.230104,259,2216,2475,Feb,8.166666666666666,111.6,145.0,98.75,187.0
49,2011-02-18,Spring,0,2,0,5,1,Clear,0.521667,0.511983,0.516667,0.264925,579,2348,2927,Feb,10.5,108.4,140.4,166.25,238.75
50,2011-02-19,Spring,0,2,0,6,0,Clear,0.399167,0.391404,0.187917,0.507463,532,1103,1635,Feb,15.0,42.4,46.8,148.25,126.5
51,2011-02-20,Spring,0,2,0,0,0,Clear,0.285217,0.27733,0.407826,0.223235,639,1173,1812,Feb,13.8,48.2,37.4,188.25,140.5
52,2011-02-21,Spring,0,2,1,1,0,Mist/Cloudy,0.303333,0.284075,0.605,0.307846,195,912,1107,Feb,10.5,25.0,45.6,100.5,72.25
53,2011-02-22,Spring,0,2,0,2,1,Clear,0.182222,0.186033,0.577778,0.195683,74,1376,1450,Feb,,80.6,62.2,54.5,129.5
54,2011-02-23,Spring,0,2,0,3,1,Clear,0.221739,0.245717,0.423043,0.094113,139,1778,1917,Feb,4.2,88.2,111.4,75.25,149.25
55,2011-02-24,Spring,0,2,0,4,1,Mist/Cloudy,0.295652,0.289191,0.697391,0.250496,100,1707,1807,Feb,5.6,78.4,121.6,82.75,112.0
56,2011-02-25,Spring,0,2,0,5,1,Mist/Cloudy,0.364348,0.350461,0.712174,0.346539,120,1341,1461,Feb,6.0,60.8,56.4,85.5,125.75
57,2011-02-26,Spring,0,2,0,6,0,Clear,0.2825,0.282192,0.537917,0.186571,424,1545,1969,Feb,14.5,62.0,49.0,167.75,164.0
58,2011-02-27,Spring,0,2,0,0,0,Clear,0.343478,0.351109,0.68,0.125248,694,1708,2402,Feb,21.2,76.0,42.8,214.75,210.75
59,2011-02-28,Spring,0,2,0,1,1,Mist/Cloudy,0.407273,0.400118,0.876364,0.289686,81,1365,1446,Feb,11.0,65.2,121.8,45.0,71.75
60,2011-03-01,Spring,0,3,0,2,1,Clear,0.266667,0.263879,0.535,0.216425,137,1714,1851,Mar,3.1666666666666665,68.4,111.8,74.75,158.0
61,2011-03-02,Spring,0,3,0,3,1,Clear,0.335,0.320071,0.449583,0.307833,231,1903,2134,Mar,4.0,77.2,126.0,94.0,179.5
62,2011-03-03,Spring,0,3,0,4,1,Clear,0.198333,0.200133,0.318333,0.225754,123,1562,1685,Mar,4.5,60.6,113.4,70.0,127.0
63,2011-03-04,Spring,0,3,0,5,1,Mist/Cloudy,0.261667,0.255679,0.610417,0.203346,214,1730,1944,Mar,4.5,70.8,111.2,92.0,159.75
64,2011-03-05,Spring,0,3,0,6,0,Mist/Cloudy,0.384167,0.378779,0.789167,0.251871,640,1437,2077,Mar,11.666666666666666,67.6,46.0,178.5,181.25
65,2011-03-06,Spring,0,3,0,0,0,Mist/Cloudy,0.376522,0.366252,0.948261,0.343287,114,491,605,Mar,27.4,9.6,13.8,71.25,16.5
66,2011-03-07,Spring,0,3,0,1,1,Clear,0.261739,0.238461,0.551304,0.341352,244,1628,1872,Mar,1.8,69.6,105.6,75.75,171.0
67,2011-03-08,Spring,0,3,0,2,1,Clear,0.2925,0.3024,0.420833,0.12065,316,1817,2133,Mar,5.666666666666667,79.4,130.4,86.75,175.75
68,2011-03-09,Spring,0,3,0,3,1,Mist/Cloudy,0.295833,0.286608,0.775417,0.22015,191,1700,1891,Mar,4.666666666666667,65.2,127.4,81.75,143.25
69,2011-03-10,Spring,0,3,0,4,1,Light Snow/Rain,0.389091,0.385668,0.0,0.261877,46,577,623,Mar,2.25,36.6,26.8,17.25,57.0
70,2011-03-11,Spring,0,3,0,5,1,Mist/Cloudy,0.316522,0.305,0.649565,0.23297,247,1730,1977,Mar,5.6,69.6,127.8,97.0,143.5
71,2011-03-12,Spring,0,3,0,6,0,Clear,0.329167,0.32575,0.594583,0.220775,724,1408,2132,Mar,12.666666666666666,78.4,56.0,150.0,196.0
72,2011-03-13,Spring,0,3,0,0,0,Clear,0.384348,0.380091,0.527391,0.270604,982,1435,2417,Mar,22.0,60.2,42.4,211.5,237.0
73,2011-03-14,Spring,0,3,0,1,1,Clear,0.325217,0.332,0.496957,0.136926,359,1687,2046,Mar,4.8,81.6,116.2,79.75,178.5
74,2011-03-15,Spring,0,3,0,2,1,Mist/Cloudy,0.317391,0.318178,0.655652,0.184309,289,1767,2056,Mar,8.0,66.8,134.2,91.25,161.5
75,2011-03-16,Spring,0,3,0,3,1,Mist/Cloudy,0.365217,0.36693,0.776522,0.203117,321,1871,2192,Mar,3.6,90.6,123.4,90.5,185.5
76,2011-03-17,Spring,0,3,0,4,1,Clear,0.415,0.410333,0.602917,0.209579,424,2320,2744,Mar,10.166666666666666,123.8,150.6,105.25,222.5
77,2011-03-18,Spring,0,3,0,5,1,Clear,0.54,0.527009,0.525217,0.231017,884,2355,3239,Mar,14.8,131.2,153.2,175.75,260.0
78,2011-03-19,Spring,0,3,0,6,0,Clear,0.4725,0.466525,0.379167,0.368167,1424,1693,3117,Mar,27.5,95.4,57.4,269.0,278.0
79,2011-03-20,Spring,0,3,0,0,0,Clear,0.3325,0.32575,0.47375,0.207721,1047,1424,2471,Mar,19.666666666666668,51.4,53.8,228.25,228.5
80,2011-03-21,Summer,0,3,0,1,1,Mist/Cloudy,0.430435,0.409735,0.737391,0.288783,401,1676,2077,Mar,5.8,108.4,67.4,93.25,199.0
81,2011-03-22,Summer,0,3,0,2,1,Clear,0.441667,0.440642,0.624583,0.22575,460,2243,2703,Mar,8.166666666666666,97.6,166.8,103.5,229.5
82,2011-03-23,Summer,0,3,0,3,1,Mist/Cloudy,0.346957,0.337939,0.839565,0.234261,203,1918,2121,Mar,6.6,65.2,136.0,87.5,183.0
83,2011-03-24,Summer,0,3,0,4,1,Mist/Cloudy,0.285,0.270833,0.805833,0.243787,166,1699,1865,Mar,5.166666666666667,85.8,87.0,87.25,155.25
84,2011-03-25,Summer,0,3,0,5,1,Clear,0.264167,0.256312,0.495,0.230725,300,1910,2210,Mar,7.333333333333333,74.6,121.4,122.75,173.75
85,2011-03-26,Summer,0,3,0,6,0,Clear,0.265833,0.257571,0.394167,0.209571,981,1515,2496,Mar,17.166666666666668,75.6,68.4,212.5,205.75
86,2011-03-27,Summer,0,3,0,0,0,Mist/Cloudy,0.253043,0.250339,0.493913,0.1843,472,1221,1693,Mar,18.4,49.0,32.6,145.5,152.75
87,2011-03-28,Summer,0,3,0,1,1,Clear,0.264348,0.257574,0.302174,0.212204,222,1806,2028,Mar,6.6,81.0,118.8,74.75,174.25
88,2011-03-29,Summer,0,3,0,2,1,Clear,0.3025,0.292908,0.314167,0.226996,317,2108,2425,Mar,6.0,99.0,140.2,94.25,204.0
89,2011-03-30,Summer,0,3,0,3,1,Mist/Cloudy,0.3,0.29735,0.646667,0.172888,168,1368,1536,Mar,6.166666666666667,35.8,133.0,87.0,76.75
90,2011-03-31,Summer,0,3,0,4,1,Light Snow/Rain,0.268333,0.257575,0.918333,0.217646,179,1506,1685,Mar,4.0,70.6,104.2,73.0,123.75
91,2011-04-01,Summer,0,4,0,5,1,Mist/Cloudy,0.3,0.283454,0.68625,0.258708,307,1920,2227,Apr,6.0,86.6,115.4,95.25,200.0
92,2011-04-02,Summer,0,4,0,6,0,Mist/Cloudy,0.315,0.315637,0.65375,0.197146,898,1354,2252,Apr,17.333333333333332,83.6,65.2,177.25,173.75
93,2011-04-03,Summer,0,4,0,0,0,Clear,0.378333,0.378767,0.48,0.182213,1651,1598,3249,Apr,19.333333333333332,67.0,97.0,318.0,260.25
94,2011-04-04,Summer,0,4,0,1,1,Clear,0.573333,0.542929,0.42625,0.385571,734,2381,3115,Apr,4.833333333333333,133.8,158.0,135.75,271.0
95,2011-04-05,Summer,0,4,0,2,1,Mist/Cloudy,0.414167,0.39835,0.642083,0.388067,167,1628,1795,Apr,8.833333333333334,82.4,80.6,47.25,184.5
96,2011-04-06,Summer,0,4,0,3,1,Clear,0.390833,0.387608,0.470833,0.263063,413,2395,2808,Apr,6.666666666666667,119.8,149.6,113.5,241.75
97,2011-04-07,Summer,0,4,0,4,1,Clear,0.4375,0.433696,0.602917,0.162312,571,2570,3141,Apr,8.333333333333334,134.4,160.6,141.75,262.25
98,2011-04-08,Summer,0,4,0,5,1,Mist/Cloudy,0.335833,0.324479,0.83625,0.226992,172,1299,1471,Apr,9.666666666666666,51.2,125.4,58.75,73.75
99,2011-04-09,Summer,0,4,0,6,0,Mist/Cloudy,0.3425,0.341529,0.8775,0.133083,879,1576,2455,Apr,15.0,88.4,63.8,194.5,206.5
100,2011-04-10,Summer,0,4,0,0,0,Mist/Cloudy,0.426667,0.426737,0.8575,0.146767,1188,1707,2895,Apr,25.166666666666668,81.4,60.0,244.0,265.25
101,2011-04-11,Summer,0,4,0,1,1,Mist/Cloudy,0.595652,0.565217,0.716956,0.324474,855,2493,3348,Apr,10.0,150.6,162.4,130.5,302.75
102,2011-04-12,Summer,0,4,0,2,1,Mist/Cloudy,0.5025,0.493054,0.739167,0.274879,257,1777,2034,Apr,12.333333333333334,82.0,113.4,72.75,173.0
103,2011-04-13,Summer,0,4,0,3,1,Mist/Cloudy,0.4125,0.417283,0.819167,0.250617,209,1953,2162,Apr,4.666666666666667,115.8,75.8,80.75,213.25
104,2011-04-14,Summer,0,4,0,4,1,Clear,0.4675,0.462742,0.540417,0.1107,529,2738,3267,Apr,9.833333333333334,144.8,171.8,139.0,267.25
105,2011-04-15,Summer,0,4,1,5,0,Clear,0.446667,0.441913,0.67125,0.226375,642,2484,3126,Apr,13.166666666666666,114.6,159.2,169.75,249.75
106,2011-04-16,Summer,0,4,0,6,0,Light Snow/Rain,0.430833,0.425492,0.888333,0.340808,121,674,795,Apr,20.5,39.4,25.4,46.0,41.0
107,2011-04-17,Summer,0,4,0,0,0,Clear,0.456667,0.445696,0.479583,0.303496,1558,2186,3744,Apr,21.333333333333332,112.0,76.0,340.5,328.5
108,2011-04-18,Summer,0,4,0,1,1,Clear,0.5125,0.503146,0.5425,0.163567,669,2760,3429,Apr,17.166666666666668,147.6,159.4,155.0,292.75
109,2011-04-19,Summer,0,4,0,2,1,Mist/Cloudy,0.505833,0.489258,0.665833,0.157971,409,2795,3204,Apr,11.833333333333334,146.0,168.2,102.75,287.75
110,2011-04-20,Summer,0,4,0,3,1,Clear,0.595,0.564392,0.614167,0.241925,613,3331,3944,Apr,11.333333333333334,198.0,205.0,147.0,318.25
111,2011-04-21,Summer,0,4,0,4,1,Clear,0.459167,0.453892,0.407083,0.325258,745,3444,4189,Apr,18.333333333333332,189.6,186.4,184.25,365.5
112,2011-04-22,Summer,0,4,0,5,1,Mist/Cloudy,0.336667,0.321954,0.729583,0.219521,177,1506,1683,Apr,14.5,34.2,181.2,65.5,64.25
113,2011-04-23,Summer,0,4,0,6,0,Mist/Cloudy,0.46,0.450121,0.887917,0.230725,1462,2574,4036,Apr,11.166666666666666,177.4,54.8,306.5,395.5
114,2011-04-24,Summer,0,4,0,0,0,Mist/Cloudy,0.581667,0.551763,0.810833,0.192175,1710,2481,4191,Apr,43.833333333333336,89.4,117.2,391.5,332.25
115,2011-04-25,Summer,0,4,0,1,1,Clear,0.606667,0.5745,0.776667,0.185333,773,3300,4073,Apr,10.666666666666666,195.4,182.8,171.0,358.5
116,2011-04-26,Summer,0,4,0,2,1,Clear,0.631667,0.594083,0.729167,0.3265,678,3722,4400,Apr,19.5,196.6,223.6,172.25,373.25
117,2011-04-27,Summer,0,4,0,3,1,Mist/Cloudy,0.62,0.575142,0.835417,0.3122,547,3325,3872,Apr,13.166666666666666,166.0,209.4,156.75,322.25
118,2011-04-28,Summer,0,4,0,4,1,Mist/Cloudy,0.6175,0.578929,0.700833,0.320908,569,3489,4058,Apr,20.0,226.0,187.2,113.5,354.5
119,2011-04-29,Summer,0,4,0,5,1,Clear,0.51,0.497463,0.457083,0.240063,878,3717,4595,Apr,20.833333333333332,183.6,223.6,234.0,374.5
120,2011-04-30,Summer,0,4,0,6,0,Clear,0.4725,0.464021,0.503333,0.235075,1965,3347,5312,Apr,46.0,211.2,119.0,411.0,435.25
121,2011-05-01,Summer,0,5,0,0,0,Mist/Cloudy,0.451667,0.448204,0.762083,0.106354,1138,2213,3351,May,42.5,130.0,102.0,275.25,208.75
122,2011-05-02,Summer,0,5,0,1,1,Mist/Cloudy,0.549167,0.532833,0.73,0.183454,847,3554,4401,May,63.166666666666664,190.6,184.4,167.0,369.75
123,2011-05-03,Summer,0,5,0,2,1,Mist/Cloudy,0.616667,0.582079,0.697083,0.342667,603,3848,4451,May,9.166666666666666,211.0,229.2,177.25,371.5
124,2011-05-04,Summer,0,5,0,3,1,Mist/Cloudy,0.414167,0.40465,0.737083,0.328996,255,2378,2633,May,8.5,156.6,44.6,111.5,282.5
125,2011-05-05,Summer,0,5,0,4,1,Clear,0.459167,0.441917,0.444167,0.295392,614,3819,4433,May,13.833333333333334,215.8,222.4,172.5,367.25
126,2011-05-06,Summer,0,5,0,5,1,Clear,0.479167,0.474117,0.59,0.228246,894,3714,4608,May,21.666666666666668,181.0,213.8,219.25,406.75
127,2011-05-07,Summer,0,5,0,6,0,Clear,0.52,0.512621,0.54125,0.16045,1612,3102,4714,May,37.666666666666664,181.4,136.8,383.5,340.75
128,2011-05-08,Summer,0,5,0,0,0,Clear,0.528333,0.518933,0.631667,0.0746375,1401,2932,4333,May,44.833333333333336,141.0,103.8,369.5,340.5
129,2011-05-09,Summer,0,5,0,1,1,Clear,0.5325,0.525246,0.58875,0.176,664,3698,4362,May,21.333333333333332,191.2,199.4,164.0,406.25
130,2011-05-10,Summer,0,5,0,2,1,Clear,0.5325,0.522721,0.489167,0.115671,694,4109,4803,May,12.166666666666666,231.8,236.6,180.0,417.0
131,2011-05-11,Summer,0,5,0,3,1,Clear,0.5425,0.5284,0.632917,0.120642,550,3632,4182,May,15.5,227.0,243.2,184.25,250.25
132,2011-05-12,Summer,0,5,0,4,1,Clear,0.535,0.523363,0.7475,0.189667,695,4169,4864,May,19.333333333333332,227.6,237.8,198.75,406.5
133,2011-05-13,Summer,0,5,0,5,1,Mist/Cloudy,0.5125,0.4943,0.863333,0.179725,692,3413,4105,May,19.5,165.4,197.8,196.25,346.75
134,2011-05-14,Summer,0,5,0,6,0,Mist/Cloudy,0.520833,0.500629,0.9225,0.13495,902,2507,3409,May,48.333333333333336,106.8,79.6,255.5,291.25
135,2011-05-15,Summer,0,5,0,0,0,Mist/Cloudy,0.5625,0.536,0.867083,0.152979,1582,2971,4553,May,32.5,151.8,97.8,395.5,382.0
136,2011-05-16,Summer,0,5,0,1,1,Clear,0.5775,0.550512,0.787917,0.126871,773,3185,3958,May,16.0,173.4,215.2,200.25,279.5
137,2011-05-17,Summer,0,5,0,2,1,Mist/Cloudy,0.561667,0.538529,0.837917,0.277354,678,3445,4123,May,13.666666666666666,192.0,171.6,159.75,396.0
138,2011-05-18,Summer,0,5,0,3,1,Mist/Cloudy,0.55,0.527158,0.87,0.201492,536,3319,3855,May,10.333333333333334,161.0,227.2,84.25,378.75
139,2011-05-19,Summer,0,5,0,4,1,Mist/Cloudy,0.530833,0.510742,0.829583,0.108213,735,3840,4575,May,14.166666666666666,210.4,238.6,173.75,387.5
140,2011-05-20,Summer,0,5,0,5,1,Clear,0.536667,0.529042,0.719583,0.125013,909,4008,4917,May,19.833333333333332,196.8,267.0,220.0,399.75
141,2011-05-21,Summer,0,5,0,6,0,Clear,0.6025,0.571975,0.626667,0.12065,2258,3547,5805,May,40.166666666666664,225.0,149.0,457.25,466.25
142,2011-05-22,Summer,0,5,0,0,0,Clear,0.604167,0.5745,0.749583,0.148008,1576,3084,4660,May,58.0,170.6,129.2,386.25,317.0
143,2011-05-23,Summer,0,5,0,1,1,Mist/Cloudy,0.631667,0.590296,0.81,0.233842,836,3438,4274,May,12.333333333333334,211.8,205.8,193.75,334.25
144,2011-05-24,Summer,0,5,0,2,1,Mist/Cloudy,0.66,0.604813,0.740833,0.207092,659,3833,4492,May,15.0,206.2,221.2,172.0,394.25
145,2011-05-25,Summer,0,5,0,3,1,Clear,0.660833,0.615542,0.69625,0.154233,740,4238,4978,May,14.666666666666666,248.2,266.0,180.0,399.75
146,2011-05-26,Summer,0,5,0,4,1,Clear,0.708333,0.654688,0.6775,0.199642,758,3919,4677,May,18.0,238.6,246.4,185.0,351.0
147,2011-05-27,Summer,0,5,0,5,1,Clear,0.681667,0.637008,0.65375,0.240679,871,3808,4679,May,31.166666666666668,168.4,225.6,214.25,416.25
148,2011-05-28,Summer,0,5,0,6,0,Clear,0.655833,0.612379,0.729583,0.230092,2001,2757,4758,May,37.166666666666664,187.0,124.8,368.5,375.5
149,2011-05-29,Summer,0,5,0,0,0,Clear,0.6675,0.61555,0.81875,0.213938,2355,2433,4788,May,44.166666666666664,208.2,108.8,372.5,362.0
150,2011-05-30,Summer,0,5,1,1,0,Clear,0.733333,0.671092,0.685,0.131225,1549,2549,4098,May,43.0,153.0,107.6,341.0,293.25
151,2011-05-31,Summer,0,5,0,2,1,Clear,0.775,0.725383,0.636667,0.111329,673,3309,3982,May,15.166666666666666,193.2,206.8,138.75,334.0
152,2011-06-01,Summer,0,6,0,3,1,Mist/Cloudy,0.764167,0.720967,0.677083,0.207092,513,3461,3974,Jun,14.166666666666666,181.6,237.6,145.0,303.25
153,2011-06-02,Summer,0,6,0,4,1,Clear,0.715,0.643942,0.305,0.292287,736,4232,4968,Jun,16.833333333333332,246.2,249.6,196.25,400.75
154,2011-06-03,Summer,0,6,0,5,1,Clear,0.62,0.587133,0.354167,0.253121,898,4414,5312,Jun,23.5,254.6,255.2,234.75,420.75
155,2011-06-04,Summer,0,6,0,6,0,Clear,0.635,0.594696,0.45625,0.123142,1869,3473,5342,Jun,47.833333333333336,209.8,156.2,424.0,382.25
156,2011-06-05,Summer,0,6,0,0,0,Mist/Cloudy,0.648333,0.616804,0.6525,0.138692,1685,3221,4906,Jun,56.333333333333336,203.4,112.2,355.5,392.0
157,2011-06-06,Summer,0,6,0,1,1,Clear,0.678333,0.621858,0.6,0.121896,673,3875,4548,Jun,15.833333333333334,233.0,226.4,147.25,391.75
158,2011-06-07,Summer,0,6,0,2,1,Clear,0.7075,0.65595,0.597917,0.187808,763,4070,4833,Jun,11.333333333333334,246.2,255.4,169.0,395.25
159,2011-06-08,Summer,0,6,0,3,1,Clear,0.775833,0.727279,0.622083,0.136817,676,3725,4401,Jun,16.833333333333332,231.6,248.4,143.5,331.5
160,2011-06-09,Summer,0,6,0,4,1,Mist/Cloudy,0.808333,0.757579,0.568333,0.149883,563,3352,3915,Jun,16.166666666666668,200.2,225.2,128.0,294.75
161,2011-06-10,Summer,0,6,0,5,1,Clear,0.755,0.703292,0.605,0.140554,815,3771,4586,Jun,23.833333333333332,221.0,229.4,178.5,369.25
162,2011-06-11,Summer,0,6,0,6,0,Clear,0.725,0.678038,0.654583,0.15485,1729,3237,4966,Jun,51.833333333333336,216.0,149.0,359.75,347.75
163,2011-06-12,Summer,0,6,0,0,0,Clear,0.6925,0.643325,0.747917,0.163567,1467,2993,4460,Jun,55.0,160.8,126.6,368.75,304.5
164,2011-06-13,Summer,0,6,0,1,1,Clear,0.635,0.601654,0.494583,0.30535,863,4157,5020,Jun,15.666666666666666,239.0,250.2,195.5,424.5
165,2011-06-14,Summer,0,6,0,2,1,Clear,0.604167,0.591546,0.507083,0.269283,727,4164,4891,Jun,14.166666666666666,244.8,257.4,170.0,403.75
166,2011-06-15,Summer,0,6,0,3,1,Clear,0.626667,0.587754,0.471667,0.167912,769,4411,5180,Jun,16.833333333333332,257.0,266.2,185.5,430.25
167,2011-06-16,Summer,0,6,0,4,1,Mist/Cloudy,0.628333,0.595346,0.688333,0.206471,545,3222,3767,Jun,17.333333333333332,176.6,214.0,165.0,262.5
168,2011-06-17,Summer,0,6,0,5,1,Clear,0.649167,0.600383,0.735833,0.143029,863,3981,4844,Jun,14.166666666666666,224.2,239.0,210.75,400.0
169,2011-06-18,Summer,0,6,0,6,0,Clear,0.696667,0.643954,0.670417,0.119408,1807,3312,5119,Jun,47.333333333333336,201.6,135.4,371.25,416.25
170,2011-06-19,Summer,0,6,0,0,0,Mist/Cloudy,0.699167,0.645846,0.666667,0.102,1639,3105,4744,Jun,50.5,190.8,120.2,363.25,358.25
171,2011-06-20,Summer,0,6,0,1,1,Mist/Cloudy,0.635,0.595346,0.74625,0.155475,699,3311,4010,Jun,7.833333333333333,228.6,120.6,152.5,401.75
172,2011-06-21,Fall,0,6,0,2,1,Mist/Cloudy,0.680833,0.637646,0.770417,0.171025,774,4061,4835,Jun,14.833333333333334,230.6,252.2,179.75,403.25
173,2011-06-22,Fall,0,6,0,3,1,Clear,0.733333,0.693829,0.7075,0.172262,661,3846,4507,Jun,17.0,224.8,242.0,156.25,361.5
174,2011-06-23,Fall,0,6,0,4,1,Mist/Cloudy,0.728333,0.693833,0.703333,0.238804,746,4044,4790,Jun,20.0,250.6,242.6,157.75,393.25
175,2011-06-24,Fall,0,6,0,5,1,Clear,0.724167,0.656583,0.573333,0.222025,969,4022,4991,Jun,23.166666666666668,249.0,240.2,213.5,388.0
176,2011-06-25,Fall,0,6,0,6,0,Clear,0.695,0.643313,0.483333,0.209571,1782,3420,5202,Jun,55.666666666666664,242.4,134.2,369.25,377.0
177,2011-06-26,Fall,0,6,0,0,0,Clear,0.68,0.637629,0.513333,0.0945333,1920,3385,5305,Jun,58.166666666666664,181.0,143.2,418.5,415.25
178,2011-06-27,Fall,0,6,0,1,1,Mist/Cloudy,0.6825,0.637004,0.658333,0.107588,854,3854,4708,Jun,14.333333333333334,233.8,227.8,160.5,418.0
179,2011-06-28,Fall,0,6,0,2,1,Clear,0.744167,0.692558,0.634167,0.144283,732,3916,4648,Jun,14.166666666666666,201.0,266.0,179.5,377.5
180,2011-06-29,Fall,0,6,0,3,1,Clear,0.728333,0.654688,0.497917,0.261821,848,4377,5225,Jun,18.666666666666668,253.4,267.8,208.0,418.75
181,2011-06-30,Fall,0,6,0,4,1,Clear,0.696667,0.637008,0.434167,0.185312,1027,4488,5515,Jun,22.333333333333332,290.2,278.0,199.25,435.75
182,2011-07-01,Fall,0,7,0,5,1,Clear,0.7225,0.652162,0.39625,0.102608,1246,4116,5362,Jul,26.5,233.4,254.6,268.0,422.75
183,2011-07-02,Fall,0,7,0,6,0,Clear,0.738333,0.667308,0.444583,0.115062,2204,2915,5119,Jul,49.333333333333336,235.2,131.8,381.75,365.25
184,2011-07-03,Fall,0,7,0,0,0,Mist/Cloudy,0.716667,0.668575,0.6825,0.228858,2282,2367,4649,Jul,55.0,167.0,113.0,397.5,332.25
185,2011-07-04,Fall,0,7,1,1,0,Mist/Cloudy,0.726667,0.665417,0.637917,0.0814792,3065,2978,6043,Jul,60.666666666666664,336.4,131.2,406.75,428.5
186,2011-07-05,Fall,0,7,0,2,1,Clear,0.746667,0.696338,0.590417,0.126258,1031,3634,4665,Jul,23.333333333333332,225.0,232.4,188.5,371.0
187,2011-07-06,Fall,0,7,0,3,1,Clear,0.72,0.685633,0.743333,0.149883,784,3845,4629,Jul,17.333333333333332,246.2,218.6,145.5,404.75
188,2011-07-07,Fall,0,7,0,4,1,Clear,0.75,0.686871,0.65125,0.1592,754,3838,4592,Jul,16.5,234.0,226.6,157.0,390.5
189,2011-07-08,Fall,0,7,0,5,1,Mist/Cloudy,0.709167,0.670483,0.757917,0.225129,692,3348,4040,Jul,24.5,208.8,254.0,205.75,189.0
190,2011-07-09,Fall,0,7,0,6,0,Clear,0.733333,0.664158,0.609167,0.167912,1988,3348,5336,Jul,46.666666666666664,242.4,160.4,361.25,399.25
191,2011-07-10,Fall,0,7,0,0,0,Clear,0.7475,0.690025,0.578333,0.183471,1743,3138,4881,Jul,68.33333333333333,202.6,123.8,345.0,364.75
192,2011-07-11,Fall,0,7,0,1,1,Clear,0.7625,0.729804,0.635833,0.282337,723,3363,4086,Jul,16.166666666666668,176.8,236.6,137.75,342.75
193,2011-07-12,Fall,0,7,0,2,1,Clear,0.794167,0.739275,0.559167,0.200254,662,3596,4258,Jul,14.0,235.2,232.2,137.0,322.25
194,2011-07-13,Fall,0,7,0,3,1,Clear,0.746667,0.689404,0.631667,0.146133,748,3594,4342,Jul,16.333333333333332,262.2,236.4,153.25,284.5
195,2011-07-14,Fall,0,7,0,4,1,Clear,0.680833,0.635104,0.47625,0.240667,888,4196,5084,Jul,20.166666666666668,261.8,260.2,181.5,406.75
196,2011-07-15,Fall,0,7,0,5,1,Clear,0.663333,0.624371,0.59125,0.182833,1318,4220,5538,Jul,29.666666666666668,277.6,266.2,240.0,420.25
197,2011-07-16,Fall,0,7,0,6,0,Clear,0.686667,0.638263,0.585,0.208342,2418,3505,5923,Jul,49.166666666666664,264.6,152.0,447.25,439.0
198,2011-07-17,Fall,0,7,0,0,0,Clear,0.719167,0.669833,0.604167,0.245033,2006,3296,5302,Jul,65.0,224.4,135.4,428.25,350.0
199,2011-07-18,Fall,0,7,0,1,1,Clear,0.746667,0.703925,0.65125,0.215804,841,3617,4458,Jul,19.0,230.8,212.4,149.0,383.0
200,2011-07-19,Fall,0,7,0,2,1,Clear,0.776667,0.747479,0.650417,0.1306,752,3789,4541,Jul,17.333333333333332,230.8,240.2,151.0,369.5
201,2011-07-20,Fall,0,7,0,3,1,Clear,0.768333,0.74685,0.707083,0.113817,644,3688,4332,Jul,15.5,240.2,235.2,134.5,331.0
202,2011-07-21,Fall,0,7,0,4,1,Mist/Cloudy,0.815,0.826371,0.69125,0.222021,632,3152,3784,Jul,16.166666666666668,201.6,210.0,122.5,284.75
203,2011-07-22,Fall,0,7,0,5,1,Clear,0.848333,0.840896,0.580417,0.1331,562,2825,3387,Jul,22.833333333333332,180.8,198.6,112.0,226.25
204,2011-07-23,Fall,0,7,0,6,0,Clear,0.849167,0.804287,0.5,0.131221,987,2298,3285,Jul,45.0,149.0,101.8,233.0,207.25
205,2011-07-24,Fall,0,7,0,0,0,Clear,0.83,0.794829,0.550833,0.169171,1050,2556,3606,Jul,54.333333333333336,147.2,108.2,256.0,244.75
206,2011-07-25,Fall,0,7,0,1,1,Clear,0.743333,0.720958,0.757083,0.0908083,568,3272,3840,Jul,14.333333333333334,218.8,198.0,85.5,332.0
207,2011-07-26,Fall,0,7,0,2,1,Clear,0.771667,0.696979,0.540833,0.200258,750,3840,4590,Jul,14.0,240.4,235.4,156.75,375.0
208,2011-07-27,Fall,0,7,0,3,1,Clear,0.775,0.690667,0.402917,0.183463,755,3901,4656,Jul,14.5,240.6,246.6,153.0,380.25
209,2011-07-28,Fall,0,7,0,4,1,Clear,0.779167,0.7399,0.583333,0.178479,606,3784,4390,Jul,19.833333333333332,217.0,240.6,157.5,338.25
210,2011-07-29,Fall,0,7,0,5,1,Clear,0.838333,0.785967,0.5425,0.174138,670,3176,3846,Jul,24.666666666666668,180.0,202.6,150.0,296.25
211,2011-07-30,Fall,0,7,0,6,0,Clear,0.804167,0.728537,0.465833,0.168537,1559,2916,4475,Jul,55.166666666666664,210.6,123.0,317.75,301.25
212,2011-07-31,Fall,0,7,0,0,0,Clear,0.805833,0.729796,0.480833,0.164813,1524,2778,4302,Jul,55.0,175.8,127.4,308.25,305.75
213,2011-08-01,Fall,0,8,0,1,1,Clear,0.771667,0.703292,0.550833,0.156717,729,3537,4266,Aug,15.166666666666666,234.2,205.4,140.0,354.25
214,2011-08-02,Fall,0,8,0,2,1,Clear,0.783333,0.707071,0.49125,0.20585,801,4044,4845,Aug,14.166666666666666,263.8,248.0,161.75,388.5
215,2011-08-03,Fall,0,8,0,3,1,Mist/Cloudy,0.731667,0.679937,0.6575,0.135583,467,3107,3574,Aug,17.5,125.8,216.2,143.5,296.25
216,2011-08-04,Fall,0,8,0,4,1,Mist/Cloudy,0.71,0.664788,0.7575,0.19715,799,3777,4576,Aug,11.833333333333334,233.8,215.4,181.5,383.25
217,2011-08-05,Fall,0,8,0,5,1,Clear,0.710833,0.656567,0.630833,0.184696,1023,3843,4866,Aug,20.166666666666668,232.6,242.8,203.0,389.0
218,2011-08-06,Fall,0,8,0,6,0,Mist/Cloudy,0.716667,0.676154,0.755,0.22825,1521,2773,4294,Aug,51.833333333333336,130.0,143.2,388.0,266.25
219,2011-08-07,Fall,0,8,0,0,0,Clear,0.7425,0.715292,0.752917,0.201487,1298,2487,3785,Aug,43.666666666666664,141.0,118.2,321.25,235.5
220,2011-08-08,Fall,0,8,0,1,1,Clear,0.765,0.703283,0.592083,0.192175,846,3480,4326,Aug,12.5,221.4,203.6,165.5,366.0
221,2011-08-09,Fall,0,8,0,2,1,Clear,0.775,0.724121,0.570417,0.151121,907,3695,4602,Aug,16.833333333333332,224.6,231.0,164.25,391.5
222,2011-08-10,Fall,0,8,0,3,1,Clear,0.766667,0.684983,0.424167,0.200258,884,3896,4780,Aug,17.666666666666668,236.2,223.2,189.5,404.75
223,2011-08-11,Fall,0,8,0,4,1,Clear,0.7175,0.651521,0.42375,0.164796,812,3980,4792,Aug,20.333333333333332,229.8,226.4,190.0,407.25
224,2011-08-12,Fall,0,8,0,5,1,Clear,0.708333,0.654042,0.415,0.125621,1051,3854,4905,Aug,23.833333333333332,256.0,220.2,204.25,391.0
225,2011-08-13,Fall,0,8,0,6,0,Mist/Cloudy,0.685833,0.645858,0.729583,0.211454,1504,2646,4150,Aug,48.333333333333336,172.2,130.4,286.75,300.0
226,2011-08-14,Fall,0,8,0,0,0,Mist/Cloudy,0.676667,0.624388,0.8175,0.222633,1338,2482,3820,Aug,44.166666666666664,134.6,71.4,306.5,324.75
227,2011-08-15,Fall,0,8,0,1,1,Clear,0.665833,0.616167,0.712083,0.208954,775,3563,4338,Aug,11.166666666666666,210.4,213.2,168.75,369.5
228,2011-08-16,Fall,0,8,0,2,1,Clear,0.700833,0.645837,0.578333,0.236329,721,4004,4725,Aug,15.333333333333334,220.0,243.0,171.5,408.0
229,2011-08-17,Fall,0,8,0,3,1,Clear,0.723333,0.666671,0.575417,0.143667,668,4026,4694,Aug,13.666666666666666,226.6,245.4,171.25,391.75
230,2011-08-18,Fall,0,8,0,4,1,Clear,0.711667,0.662258,0.654583,0.233208,639,3166,3805,Aug,21.333333333333332,140.8,237.6,170.75,275.5
231,2011-08-19,Fall,0,8,0,5,1,Mist/Cloudy,0.685,0.633221,0.722917,0.139308,797,3356,4153,Aug,19.666666666666668,111.6,227.4,209.75,375.25
232,2011-08-20,Fall,0,8,0,6,0,Clear,0.6975,0.648996,0.674167,0.104467,1914,3277,5191,Aug,51.666666666666664,228.8,139.4,375.0,385.0
233,2011-08-21,Fall,0,8,0,0,0,Clear,0.710833,0.675525,0.77,0.248754,1249,2624,3873,Aug,48.166666666666664,160.6,128.4,308.0,226.75
234,2011-08-22,Fall,0,8,0,1,1,Clear,0.691667,0.638254,0.47,0.27675,833,3925,4758,Aug,18.333333333333332,221.8,210.4,192.0,429.75
235,2011-08-23,Fall,0,8,0,2,1,Clear,0.640833,0.606067,0.455417,0.146763,1281,4614,5895,Aug,17.833333333333332,221.8,267.0,327.0,509.0
236,2011-08-24,Fall,0,8,0,3,1,Clear,0.673333,0.630692,0.605,0.253108,949,4181,5130,Aug,17.166666666666668,252.2,248.6,215.0,415.75
237,2011-08-25,Fall,0,8,0,4,1,Mist/Cloudy,0.684167,0.645854,0.771667,0.210833,435,3107,3542,Aug,18.166666666666668,183.0,240.6,85.5,243.25
238,2011-08-26,Fall,0,8,0,5,1,Clear,0.7,0.659733,0.76125,0.0839625,768,3893,4661,Aug,23.166666666666668,198.0,225.6,228.25,372.75
239,2011-08-27,Fall,0,8,0,6,0,Mist/Cloudy,0.68,0.635556,0.85,0.375617,226,889,1115,Aug,55.333333333333336,,96.6,57.5,23.333333333333332
240,2011-08-28,Fall,0,8,0,0,0,Clear,0.707059,0.647959,0.561765,0.304659,1415,2919,4334,Aug,,189.8,51.0,355.25,440.0
241,2011-08-29,Fall,0,8,0,1,1,Clear,0.636667,0.607958,0.554583,0.159825,729,3905,4634,Aug,15.5,212.6,218.6,186.25,410.0
242,2011-08-30,Fall,0,8,0,2,1,Clear,0.639167,0.594704,0.548333,0.125008,775,4429,5204,Aug,14.666666666666666,244.4,264.8,212.5,430.0
243,2011-08-31,Fall,0,8,0,3,1,Clear,0.656667,0.611121,0.597917,0.0833333,688,4370,5058,Aug,15.166666666666666,235.4,257.6,212.0,413.5
244,2011-09-01,Fall,0,9,0,4,1,Clear,0.655,0.614921,0.639167,0.141796,783,4332,5115,Sep,23.5,241.0,258.0,209.5,410.25
245,2011-09-02,Fall,0,9,0,5,1,Mist/Cloudy,0.643333,0.604808,0.727083,0.139929,875,3852,4727,Sep,24.666666666666668,175.4,230.2,253.5,384.25
246,2011-09-03,Fall,0,9,0,6,0,Clear,0.669167,0.633213,0.716667,0.185325,1935,2549,4484,Sep,42.666666666666664,192.6,121.8,296.0,368.0
247,2011-09-04,Fall,0,9,0,0,0,Clear,0.709167,0.665429,0.742083,0.206467,2521,2419,4940,Sep,49.5,204.6,117.8,388.0,369.75
248,2011-09-05,Fall,0,9,1,1,0,Mist/Cloudy,0.673333,0.625646,0.790417,0.212696,1236,2115,3351,Sep,36.666666666666664,80.2,109.8,351.75,193.5
249,2011-09-06,Fall,0,9,0,2,1,Light Snow/Rain,0.54,0.5152,0.886957,0.343943,204,2506,2710,Sep,7.2,141.4,179.8,52.25,214.75
250,2011-09-07,Fall,0,9,0,3,1,Light Snow/Rain,0.599167,0.544229,0.917083,0.0970208,118,1878,1996,Sep,7.666666666666667,82.6,149.0,17.0,181.0
251,2011-09-08,Fall,0,9,0,4,1,Light Snow/Rain,0.633913,0.555361,0.939565,0.192748,153,1689,1842,Sep,7.4,63.8,112.8,111.5,119.0
252,2011-09-09,Fall,0,9,0,5,1,Mist/Cloudy,0.65,0.578946,0.897917,0.124379,417,3127,3544,Sep,8.5,214.0,123.6,104.25,347.0
253,2011-09-10,Fall,0,9,0,6,0,Clear,0.66,0.607962,0.75375,0.153608,1750,3595,5345,Sep,52.5,220.8,140.4,373.25,432.75
254,2011-09-11,Fall,0,9,0,0,0,Clear,0.653333,0.609229,0.71375,0.115054,1633,3413,5046,Sep,60.833333333333336,171.6,142.4,376.25,401.5
255,2011-09-12,Fall,0,9,0,1,1,Clear,0.644348,0.60213,0.692174,0.088913,690,4023,4713,Sep,11.6,229.8,226.8,175.25,417.75
256,2011-09-13,Fall,0,9,0,2,1,Clear,0.650833,0.603554,0.7125,0.141804,701,4062,4763,Sep,11.666666666666666,226.2,251.6,178.5,397.5
257,2011-09-14,Fall,0,9,0,3,1,Clear,0.673333,0.6269,0.697083,0.1673,647,4138,4785,Sep,15.666666666666666,217.4,257.6,169.5,409.5
258,2011-09-15,Fall,0,9,0,4,1,Mist/Cloudy,0.5775,0.553671,0.709167,0.271146,428,3231,3659,Sep,18.0,161.8,236.6,174.25,215.5
259,2011-09-16,Fall,0,9,0,5,1,Mist/Cloudy,0.469167,0.461475,0.590417,0.164183,742,4018,4760,Sep,21.0,199.2,230.2,219.5,402.25
260,2011-09-17,Fall,0,9,0,6,0,Mist/Cloudy,0.491667,0.478512,0.718333,0.189675,1434,3077,4511,Sep,50.833333333333336,176.2,118.6,346.25,336.75
261,2011-09-18,Fall,0,9,0,0,0,Clear,0.5075,0.490537,0.695,0.178483,1353,2921,4274,Sep,53.833333333333336,142.0,105.0,342.0,337.0
262,2011-09-19,Fall,0,9,0,1,1,Mist/Cloudy,0.549167,0.529675,0.69,0.151742,691,3848,4539,Sep,16.833333333333332,200.4,237.0,173.25,389.5
263,2011-09-20,Fall,0,9,0,2,1,Mist/Cloudy,0.561667,0.532217,0.88125,0.134954,438,3203,3641,Sep,12.5,205.0,150.2,82.75,364.75
264,2011-09-21,Fall,0,9,0,3,1,Mist/Cloudy,0.595,0.550533,0.9,0.0964042,539,3813,4352,Sep,15.666666666666666,173.0,250.0,183.25,352.5
265,2011-09-22,Fall,0,9,0,4,1,Mist/Cloudy,0.628333,0.554963,0.902083,0.128125,555,4240,4795,Sep,17.666666666666668,245.2,230.0,179.25,399.0
266,2011-09-23,Winter,0,9,0,5,1,Mist/Cloudy,0.609167,0.522125,0.9725,0.0783667,258,2137,2395,Sep,24.333333333333332,174.0,164.2,27.0,112.5
267,2011-09-24,Winter,0,9,0,6,0,Mist/Cloudy,0.606667,0.564412,0.8625,0.0783833,1776,3647,5423,Sep,47.333333333333336,223.2,130.6,410.75,431.75
268,2011-09-25,Winter,0,9,0,0,0,Mist/Cloudy,0.634167,0.572637,0.845,0.0503792,1544,3466,5010,Sep,78.83333333333333,167.0,114.2,372.5,410.25
269,2011-09-26,Winter,0,9,0,1,1,Mist/Cloudy,0.649167,0.589042,0.848333,0.1107,684,3946,4630,Sep,15.0,205.4,231.8,177.25,411.25
270,2011-09-27,Winter,0,9,0,2,1,Mist/Cloudy,0.636667,0.574525,0.885417,0.118171,477,3643,4120,Sep,16.666666666666668,193.6,223.0,147.0,337.25
271,2011-09-28,Winter,0,9,0,3,1,Mist/Cloudy,0.635,0.575158,0.84875,0.148629,480,3427,3907,Sep,14.666666666666666,141.2,174.0,166.75,394.0
272,2011-09-29,Winter,0,9,0,4,1,Clear,0.616667,0.574512,0.699167,0.172883,653,4186,4839,Sep,17.0,227.6,235.4,182.75,422.75
273,2011-09-30,Winter,0,9,0,5,1,Clear,0.564167,0.544829,0.6475,0.206475,830,4372,5202,Sep,22.5,220.2,251.2,250.75,426.75
274,2011-10-01,Winter,0,10,0,6,0,Mist/Cloudy,0.41,0.412863,0.75375,0.292296,480,1949,2429,Oct,48.833333333333336,76.6,74.4,148.75,196.5
275,2011-10-02,Winter,0,10,0,0,0,Mist/Cloudy,0.356667,0.345317,0.791667,0.222013,616,2302,2918,Oct,20.666666666666668,85.2,94.2,294.25,180.0
276,2011-10-03,Winter,0,10,0,1,1,Mist/Cloudy,0.384167,0.392046,0.760833,0.0833458,330,3240,3570,Oct,10.333333333333334,160.4,193.8,127.75,306.5
277,2011-10-04,Winter,0,10,0,2,1,Clear,0.484167,0.472858,0.71,0.205854,486,3970,4456,Oct,13.166666666666666,190.4,226.8,169.75,403.0
278,2011-10-05,Winter,0,10,0,3,1,Clear,0.538333,0.527138,0.647917,0.17725,559,4267,4826,Oct,16.666666666666668,209.6,247.4,198.25,412.0
279,2011-10-06,Winter,0,10,0,4,1,Clear,0.494167,0.480425,0.620833,0.134954,639,4126,4765,Oct,17.666666666666668,209.0,242.0,189.0,412.0
280,2011-10-07,Winter,0,10,0,5,1,Clear,0.510833,0.504404,0.684167,0.0223917,949,4036,4985,Oct,23.666666666666668,187.8,232.2,256.5,429.25
281,2011-10-08,Winter,0,10,0,6,0,Clear,0.521667,0.513242,0.70125,0.0454042,2235,3174,5409,Oct,39.5,185.6,150.4,448.25,424.75
282,2011-10-09,Winter,0,10,0,0,0,Clear,0.540833,0.523983,0.7275,0.06345,2397,3114,5511,Oct,53.5,188.6,144.4,449.0,432.25
283,2011-10-10,Winter,0,10,1,1,0,Clear,0.570833,0.542925,0.73375,0.0423042,1514,3603,5117,Oct,24.0,187.4,179.2,355.5,429.5
284,2011-10-11,Winter,0,10,0,2,1,Mist/Cloudy,0.566667,0.546096,0.80875,0.143042,667,3896,4563,Oct,12.333333333333334,186.2,253.0,163.75,409.5
285,2011-10-12,Winter,0,10,0,3,1,Light Snow/Rain,0.543333,0.517717,0.90625,0.24815,217,2199,2416,Oct,11.333333333333334,75.8,217.0,90.25,130.75
286,2011-10-13,Winter,0,10,0,4,1,Mist/Cloudy,0.589167,0.551804,0.896667,0.141787,290,2623,2913,Oct,10.166666666666666,134.0,104.0,121.0,294.5
287,2011-10-14,Winter,0,10,0,5,1,Mist/Cloudy,0.550833,0.529675,0.71625,0.223883,529,3115,3644,Oct,16.833333333333332,172.0,151.0,112.5,369.5
288,2011-10-15,Winter,0,10,0,6,0,Clear,0.506667,0.498725,0.483333,0.258083,1899,3318,5217,Oct,45.166666666666664,177.2,146.2,424.0,408.25
289,2011-10-16,Winter,0,10,0,0,0,Clear,0.511667,0.503154,0.486667,0.281717,1748,3293,5041,Oct,51.666666666666664,141.0,138.8,430.25,402.75
290,2011-10-17,Winter,0,10,0,1,1,Clear,0.534167,0.510725,0.579583,0.175379,713,3857,4570,Oct,16.166666666666668,181.0,235.6,185.5,412.0
291,2011-10-18,Winter,0,10,0,2,1,Mist/Cloudy,0.5325,0.522721,0.701667,0.110087,637,4111,4748,Oct,12.166666666666666,191.4,255.6,184.0,426.0
292,2011-10-19,Winter,0,10,0,3,1,Light Snow/Rain,0.541739,0.513848,0.895217,0.243339,254,2170,2424,Oct,12.6,120.6,126.8,120.5,160.5
293,2011-10-20,Winter,0,10,0,4,1,Clear,0.475833,0.466525,0.63625,0.422275,471,3724,4195,Oct,13.333333333333334,184.4,237.8,161.75,339.25
294,2011-10-21,Winter,0,10,0,5,1,Clear,0.4275,0.423596,0.574167,0.221396,676,3628,4304,Oct,23.0,162.0,216.0,204.5,364.5
295,2011-10-22,Winter,0,10,0,6,0,Clear,0.4225,0.425492,0.629167,0.0926667,1499,2809,4308,Oct,38.833333333333336,157.6,118.8,314.25,359.0
296,2011-10-23,Winter,0,10,0,0,0,Clear,0.421667,0.422333,0.74125,0.0995125,1619,2762,4381,Oct,44.0,115.8,110.6,392.25,354.0
297,2011-10-24,Winter,0,10,0,1,1,Clear,0.463333,0.457067,0.772083,0.118792,699,3488,4187,Oct,14.166666666666666,126.0,218.6,198.0,396.75
298,2011-10-25,Winter,0,10,0,2,1,Clear,0.471667,0.463375,0.622917,0.166658,695,3992,4687,Oct,13.166666666666666,210.2,234.2,191.0,405.5
299,2011-10-26,Winter,0,10,0,3,1,Mist/Cloudy,0.484167,0.472846,0.720417,0.148642,404,3490,3894,Oct,12.666666666666666,181.0,245.2,124.25,297.5
300,2011-10-27,Winter,0,10,0,4,1,Mist/Cloudy,0.47,0.457046,0.812917,0.197763,240,2419,2659,Oct,11.333333333333334,142.4,146.4,67.75,219.0
301,2011-10-28,Winter,0,10,0,5,1,Mist/Cloudy,0.330833,0.318812,0.585833,0.229479,456,3291,3747,Oct,17.833333333333332,99.2,202.6,198.5,334.25
302,2011-10-29,Winter,0,10,0,6,0,Light Snow/Rain,0.254167,0.227913,0.8825,0.351371,57,570,627,Oct,10.666666666666666,45.2,12.8,34.0,34.25
303,2011-10-30,Winter,0,10,0,0,0,Clear,0.319167,0.321329,0.62375,0.176617,885,2446,3331,Oct,32.5,86.4,87.4,299.75,267.0
304,2011-10-31,Winter,0,10,0,1,1,Clear,0.34,0.356063,0.703333,0.10635,362,3307,3669,Oct,11.0,132.6,200.2,147.75,337.0
305,2011-11-01,Winter,0,11,0,2,1,Clear,0.400833,0.397088,0.68375,0.135571,410,3658,4068,Nov,11.333333333333334,163.4,224.6,152.5,362.5
306,2011-11-02,Winter,0,11,0,3,1,Clear,0.3775,0.390133,0.71875,0.0820917,370,3816,4186,Nov,10.666666666666666,159.0,235.2,166.5,371.25
307,2011-11-03,Winter,0,11,0,4,1,Clear,0.408333,0.405921,0.702083,0.136817,318,3656,3974,Nov,15.0,167.4,213.4,155.0,340.0
308,2011-11-04,Winter,0,11,0,5,1,Mist/Cloudy,0.403333,0.403392,0.6225,0.271779,470,3576,4046,Nov,18.0,141.8,218.8,188.5,345.25
309,2011-11-05,Winter,0,11,0,6,0,Clear,0.326667,0.323854,0.519167,0.189062,1156,2770,3926,Nov,27.166666666666668,130.8,101.8,337.75,312.25
310,2011-11-06,Winter,0,11,0,0,0,Clear,0.348333,0.362358,0.734583,0.0920542,952,2697,3649,Nov,39.833333333333336,90.0,113.2,325.0,273.5
311,2011-11-07,Winter,0,11,0,1,1,Clear,0.395,0.400871,0.75875,0.057225,373,3662,4035,Nov,10.0,159.8,223.4,160.25,354.5
312,2011-11-08,Winter,0,11,0,2,1,Clear,0.408333,0.412246,0.721667,0.0690375,376,3829,4205,Nov,9.166666666666666,159.4,241.6,176.75,359.5
313,2011-11-09,Winter,0,11,0,3,1,Clear,0.4,0.409079,0.758333,0.0621958,305,3804,4109,Nov,10.666666666666666,172.8,235.6,169.5,331.25
314,2011-11-10,Winter,0,11,0,4,1,Mist/Cloudy,0.38,0.373721,0.813333,0.189067,190,2743,2933,Nov,12.833333333333334,137.2,230.0,108.75,146.25
315,2011-11-11,Winter,0,11,1,5,0,Clear,0.324167,0.306817,0.44625,0.314675,440,2928,3368,Nov,20.5,111.0,165.2,223.0,243.0
316,2011-11-12,Winter,0,11,0,6,0,Clear,0.356667,0.357942,0.552917,0.212062,1275,2792,4067,Nov,32.0,128.8,105.4,367.25,308.75
317,2011-11-13,Winter,0,11,0,0,0,Clear,0.440833,0.43055,0.458333,0.281721,1004,2713,3717,Nov,40.0,109.4,104.2,339.75,262.5
318,2011-11-14,Winter,0,11,0,1,1,Clear,0.53,0.524612,0.587083,0.306596,595,3891,4486,Nov,14.833333333333334,185.8,246.4,179.5,379.5
319,2011-11-15,Winter,0,11,0,2,1,Mist/Cloudy,0.53,0.507579,0.68875,0.199633,449,3746,4195,Nov,14.333333333333334,180.0,249.0,152.5,338.5
320,2011-11-16,Winter,0,11,0,3,1,Light Snow/Rain,0.456667,0.451988,0.93,0.136829,145,1672,1817,Nov,11.333333333333334,72.4,108.6,58.25,152.75
321,2011-11-17,Winter,0,11,0,4,1,Mist/Cloudy,0.341667,0.323221,0.575833,0.305362,139,2914,3053,Nov,10.5,128.8,175.4,113.0,254.25
322,2011-11-18,Winter,0,11,0,5,1,Clear,0.274167,0.272721,0.41,0.168533,245,3147,3392,Nov,13.166666666666666,118.8,198.0,159.0,273.25
323,2011-11-19,Winter,0,11,0,6,0,Clear,0.329167,0.324483,0.502083,0.224496,943,2720,3663,Nov,26.5,130.4,97.4,314.0,277.25
324,2011-11-20,Winter,0,11,0,0,0,Mist/Cloudy,0.463333,0.457058,0.684583,0.18595,787,2733,3520,Nov,47.666666666666664,88.6,92.8,330.5,251.25
325,2011-11-21,Winter,0,11,0,1,1,Light Snow/Rain,0.4475,0.445062,0.91,0.138054,220,2545,2765,Nov,10.166666666666666,88.4,217.0,139.75,154.5
326,2011-11-22,Winter,0,11,0,2,1,Light Snow/Rain,0.416667,0.421696,0.9625,0.118792,69,1538,1607,Nov,9.0,90.8,115.2,28.5,102.25
327,2011-11-23,Winter,0,11,0,3,1,Mist/Cloudy,0.440833,0.430537,0.757917,0.335825,112,2454,2566,Nov,9.166666666666666,73.8,158.2,165.75,172.0
328,2011-11-24,Winter,0,11,1,4,0,Clear,0.373333,0.372471,0.549167,0.167304,560,935,1495,Nov,14.5,25.6,54.2,158.75,93.5
329,2011-11-25,Winter,0,11,0,5,1,Clear,0.375,0.380671,0.64375,0.0988958,1095,1697,2792,Nov,11.166666666666666,81.0,71.8,263.25,227.0
330,2011-11-26,Winter,0,11,0,6,0,Clear,0.375833,0.385087,0.681667,0.0684208,1249,1819,3068,Nov,20.5,102.6,62.2,290.75,239.5
331,2011-11-27,Winter,0,11,0,0,0,Clear,0.459167,0.4558,0.698333,0.208954,810,2261,3071,Nov,24.5,85.8,74.8,280.5,249.75
332,2011-11-28,Winter,0,11,0,1,1,Clear,0.503478,0.490122,0.743043,0.142122,253,3614,3867,Nov,14.4,158.6,220.6,150.25,324.5
333,2011-11-29,Winter,0,11,0,2,1,Mist/Cloudy,0.458333,0.451375,0.830833,0.258092,96,2818,2914,Nov,12.333333333333334,141.4,223.6,21.75,232.0
334,2011-11-30,Winter,0,11,0,3,1,Clear,0.325,0.311221,0.613333,0.271158,188,3425,3613,Nov,10.833333333333334,148.2,233.8,135.25,274.25
335,2011-12-01,Winter,0,12,0,4,1,Clear,0.3125,0.305554,0.524583,0.220158,182,3545,3727,Dec,11.833333333333334,151.4,233.4,138.5,294.5
336,2011-12-02,Winter,0,12,0,5,1,Clear,0.314167,0.331433,0.625833,0.100754,268,3672,3940,Dec,15.0,152.6,217.6,185.25,314.5
337,2011-12-03,Winter,0,12,0,6,0,Clear,0.299167,0.310604,0.612917,0.0957833,706,2908,3614,Dec,36.5,122.0,83.8,317.0,274.5
338,2011-12-04,Winter,0,12,0,0,0,Clear,0.330833,0.3491,0.775833,0.0839583,634,2851,3485,Dec,45.833333333333336,95.6,85.4,315.75,260.5
339,2011-12-05,Winter,0,12,0,1,1,Mist/Cloudy,0.385833,0.393925,0.827083,0.0622083,233,3578,3811,Dec,13.0,171.4,210.8,145.25,310.25
340,2011-12-06,Winter,0,12,0,2,1,Light Snow/Rain,0.4625,0.4564,0.949583,0.232583,126,2468,2594,Dec,12.833333333333334,119.4,197.6,58.25,174.75
341,2011-12-07,Winter,0,12,0,3,1,Light Snow/Rain,0.41,0.400246,0.970417,0.266175,50,655,705,Dec,9.833333333333334,18.8,49.4,35.25,41.0
342,2011-12-08,Winter,0,12,0,4,1,Clear,0.265833,0.256938,0.58,0.240058,150,3172,3322,Dec,7.833333333333333,139.8,215.8,130.75,243.5
343,2011-12-09,Winter,0,12,0,5,1,Clear,0.290833,0.317542,0.695833,0.0827167,261,3359,3620,Dec,14.666666666666666,142.4,207.4,166.0,279.75
344,2011-12-10,Winter,0,12,0,6,0,Clear,0.275,0.266412,0.5075,0.233221,502,2688,3190,Dec,39.5,104.4,87.2,274.5,224.25
345,2011-12-11,Winter,0,12,0,0,0,Clear,0.220833,0.253154,0.49,0.0665417,377,2366,2743,Dec,36.333333333333336,63.6,82.8,248.75,199.5
346,2011-12-12,Winter,0,12,0,1,1,Clear,0.238333,0.270196,0.670833,0.06345,143,3167,3310,Dec,9.833333333333334,128.6,201.8,134.25,265.5
347,2011-12-13,Winter,0,12,0,2,1,Clear,0.2825,0.301138,0.59,0.14055,155,3368,3523,Dec,8.333333333333334,146.6,210.0,138.0,284.5
348,2011-12-14,Winter,0,12,0,3,1,Mist/Cloudy,0.3175,0.338362,0.66375,0.0609583,178,3562,3740,Dec,10.833333333333334,150.4,236.4,135.75,299.5
349,2011-12-15,Winter,0,12,0,4,1,Mist/Cloudy,0.4225,0.412237,0.634167,0.268042,181,3528,3709,Dec,18.333333333333332,180.2,239.2,147.0,228.5
350,2011-12-16,Winter,0,12,0,5,1,Mist/Cloudy,0.375,0.359825,0.500417,0.260575,178,3399,3577,Dec,27.0,129.8,229.4,145.5,259.25
351,2011-12-17,Winter,0,12,0,6,0,Mist/Cloudy,0.258333,0.249371,0.560833,0.243167,275,2464,2739,Dec,34.5,91.4,75.4,231.5,193.0
352,2011-12-18,Winter,0,12,0,0,0,Clear,0.238333,0.245579,0.58625,0.169779,220,2211,2431,Dec,30.333333333333332,82.8,51.4,215.75,178.75
353,2011-12-19,Winter,0,12,0,1,1,Clear,0.276667,0.280933,0.6375,0.172896,260,3143,3403,Dec,9.833333333333334,150.2,189.4,136.75,274.75
354,2011-12-20,Winter,0,12,0,2,1,Mist/Cloudy,0.385833,0.396454,0.595417,0.0615708,216,3534,3750,Dec,9.833333333333334,134.8,232.0,155.75,308.5
355,2011-12-21,Spring,0,12,0,3,1,Mist/Cloudy,0.428333,0.428017,0.858333,0.2214,107,2553,2660,Dec,12.0,131.6,206.6,56.5,167.75
356,2011-12-22,Spring,0,12,0,4,1,Mist/Cloudy,0.423333,0.426121,0.7575,0.047275,227,2841,3068,Dec,13.0,44.0,192.4,173.5,278.5
357,2011-12-23,Spring,0,12,0,5,1,Clear,0.373333,0.377513,0.68625,0.274246,163,2046,2209,Dec,8.0,46.0,114.8,184.5,154.75
358,2011-12-24,Spring,0,12,0,6,0,Clear,0.3025,0.299242,0.5425,0.190304,155,856,1011,Dec,12.833333333333334,21.0,31.8,92.75,74.75
359,2011-12-25,Spring,0,12,0,0,0,Clear,0.274783,0.279961,0.681304,0.155091,303,451,754,Dec,3.4,18.8,15.2,79.0,62.75
360,2011-12-26,Spring,0,12,1,1,0,Clear,0.321739,0.315535,0.506957,0.239465,430,887,1317,Dec,6.8,45.2,34.6,121.0,100.0
361,2011-12-27,Spring,0,12,0,2,1,Mist/Cloudy,0.325,0.327633,0.7625,0.18845,103,1059,1162,Dec,6.0,56.0,88.6,22.0,78.75
362,2011-12-28,Spring,0,12,0,3,1,Clear,0.29913,0.279974,0.503913,0.293961,255,2047,2302,Dec,8.4,74.4,131.0,132.5,175.75
363,2011-12-29,Spring,0,12,0,4,1,Clear,0.248333,0.263892,0.574167,0.119412,254,2169,2423,Dec,10.166666666666666,79.8,127.4,131.25,200.25
364,2011-12-30,Spring,0,12,0,5,1,Clear,0.311667,0.318812,0.636667,0.134337,491,2508,2999,Dec,13.333333333333334,91.2,128.8,205.0,249.75
365,2011-12-31,Spring,0,12,0,6,0,Clear,0.41,0.414121,0.615833,0.220154,665,1820,2485,Dec,22.666666666666668,56.8,58.4,275.75,167.5
366,2012-01-01,Spring,1,1,0,0,0,Clear,0.37,0.375621,0.6925,0.192167,686,1608,2294,Jan,46.833333333333336,70.8,26.6,207.25,174.25
367,2012-01-02,Spring,1,1,1,1,0,Clear,0.273043,0.252304,0.381304,0.329665,244,1707,1951,Jan,13.2,64.0,52.0,176.0,150.25
368,2012-01-03,Spring,1,1,0,2,1,Clear,0.15,0.126275,0.44125,0.365671,89,2147,2236,Jan,6.833333333333333,78.0,164.4,75.25,170.5
369,2012-01-04,Spring,1,1,0,3,1,Mist/Cloudy,0.1075,0.119337,0.414583,0.1847,95,2273,2368,Jan,5.0,96.2,154.0,74.0,197.75
370,2012-01-05,Spring,1,1,0,4,1,Clear,0.265833,0.278412,0.524167,0.129987,140,3132,3272,Jan,9.666666666666666,134.0,198.8,109.75,277.75
371,2012-01-06,Spring,1,1,0,5,1,Clear,0.334167,0.340267,0.542083,0.167908,307,3791,4098,Jan,9.666666666666666,167.8,215.8,177.75,352.75
372,2012-01-07,Spring,1,1,0,6,0,Clear,0.393333,0.390779,0.531667,0.174758,1070,3451,4521,Jan,36.333333333333336,150.6,84.8,414.25,367.25
373,2012-01-08,Spring,1,1,0,0,0,Clear,0.3375,0.340258,0.465,0.191542,599,2826,3425,Jan,45.0,83.4,83.2,319.5,261.0
374,2012-01-09,Spring,1,1,0,1,1,Mist/Cloudy,0.224167,0.247479,0.701667,0.0989,106,2270,2376,Jan,8.833333333333334,103.0,210.6,80.25,108.5
375,2012-01-10,Spring,1,1,0,2,1,Clear,0.308696,0.318826,0.646522,0.187552,173,3425,3598,Jan,10.0,150.4,210.0,131.25,305.25
376,2012-01-11,Spring,1,1,0,3,1,Mist/Cloudy,0.274167,0.282821,0.8475,0.131221,92,2085,2177,Jan,11.333333333333334,47.4,230.2,73.0,107.25
377,2012-01-12,Spring,1,1,0,4,1,Mist/Cloudy,0.3825,0.381938,0.802917,0.180967,269,3828,4097,Jan,4.833333333333333,188.8,227.4,150.5,346.25
378,2012-01-13,Spring,1,1,0,5,1,Clear,0.274167,0.249362,0.5075,0.378108,174,3040,3214,Jan,16.5,114.8,197.2,137.75,251.0
379,2012-01-14,Spring,1,1,0,6,0,Clear,0.18,0.183087,0.4575,0.187183,333,2160,2493,Jan,26.5,83.2,70.2,212.0,179.75
380,2012-01-15,Spring,1,1,0,0,0,Clear,0.166667,0.161625,0.419167,0.251258,284,2027,2311,Jan,30.0,73.2,55.4,202.75,169.25
381,2012-01-16,Spring,1,1,1,1,0,Clear,0.19,0.190663,0.5225,0.231358,217,2081,2298,Jan,13.166666666666666,70.8,69.2,193.25,186.5
382,2012-01-17,Spring,1,1,0,2,1,Mist/Cloudy,0.373043,0.364278,0.716087,0.34913,127,2808,2935,Jan,8.2,163.8,81.2,99.0,318.25
383,2012-01-18,Spring,1,1,0,3,1,Clear,0.303333,0.275254,0.443333,0.415429,109,3267,3376,Jan,10.5,132.2,227.0,127.5,251.75
384,2012-01-19,Spring,1,1,0,4,1,Clear,0.19,0.190038,0.4975,0.220158,130,3162,3292,Jan,8.0,138.4,206.6,113.25,266.5
385,2012-01-20,Spring,1,1,0,5,1,Mist/Cloudy,0.2175,0.220958,0.45,0.20275,115,3048,3163,Jan,13.166666666666666,109.6,207.6,129.5,245.0
386,2012-01-21,Spring,1,1,0,6,0,Mist/Cloudy,0.173333,0.174875,0.83125,0.222642,67,1234,1301,Jan,14.833333333333334,66.4,25.2,75.25,113.25
387,2012-01-22,Spring,1,1,0,0,0,Mist/Cloudy,0.1625,0.16225,0.79625,0.199638,196,1781,1977,Jan,29.166666666666668,60.4,48.2,174.75,140.0
388,2012-01-23,Spring,1,1,0,1,1,Mist/Cloudy,0.218333,0.243058,0.91125,0.110708,145,2287,2432,Jan,7.666666666666667,122.8,159.2,55.5,188.5
389,2012-01-24,Spring,1,1,0,2,1,Clear,0.3425,0.349108,0.835833,0.123767,439,3900,4339,Jan,12.166666666666666,191.2,236.4,176.0,356.0
390,2012-01-25,Spring,1,1,0,3,1,Clear,0.294167,0.294821,0.64375,0.161071,467,3803,4270,Jan,14.666666666666666,183.0,247.0,180.5,327.5
391,2012-01-26,Spring,1,1,0,4,1,Mist/Cloudy,0.341667,0.35605,0.769583,0.0733958,244,3831,4075,Jan,15.0,192.4,247.8,144.25,301.75
392,2012-01-27,Spring,1,1,0,5,1,Mist/Cloudy,0.425,0.415383,0.74125,0.342667,269,3187,3456,Jan,19.333333333333332,150.0,131.8,165.5,317.25
393,2012-01-28,Spring,1,1,0,6,0,Clear,0.315833,0.326379,0.543333,0.210829,775,3248,4023,Jan,33.833333333333336,128.2,97.2,336.25,337.0
394,2012-01-29,Spring,1,1,0,0,0,Clear,0.2825,0.272721,0.31125,0.24005,558,2685,3243,Jan,42.166666666666664,85.6,77.8,284.75,258.5
395,2012-01-30,Spring,1,1,0,1,1,Clear,0.269167,0.262625,0.400833,0.215792,126,3498,3624,Jan,10.166666666666666,159.0,216.2,120.0,301.75
396,2012-01-31,Spring,1,1,0,2,1,Clear,0.39,0.381317,0.416667,0.261817,324,4185,4509,Jan,8.333333333333334,184.6,260.0,172.75,386.25
397,2012-02-01,Spring,1,2,0,3,1,Clear,0.469167,0.466538,0.507917,0.189067,304,4275,4579,Feb,10.666666666666666,213.8,240.8,175.0,385.5
398,2012-02-02,Spring,1,2,0,4,1,Mist/Cloudy,0.399167,0.398971,0.672917,0.187187,190,3571,3761,Feb,13.166666666666666,171.6,206.0,132.75,315.75
399,2012-02-03,Spring,1,2,0,5,1,Clear,0.313333,0.309346,0.526667,0.178496,310,3841,4151,Feb,14.833333333333334,152.0,230.8,187.0,350.0
400,2012-02-04,Spring,1,2,0,6,0,Mist/Cloudy,0.264167,0.272725,0.779583,0.121896,384,2448,2832,Feb,33.5,80.0,100.8,287.0,144.75
401,2012-02-05,Spring,1,2,0,0,0,Mist/Cloudy,0.265833,0.264521,0.687917,0.175996,318,2629,2947,Feb,34.166666666666664,83.6,64.4,236.75,263.75
402,2012-02-06,Spring,1,2,0,1,1,Clear,0.282609,0.296426,0.622174,0.1538,206,3578,3784,Feb,9.8,155.8,228.6,136.75,316.5
403,2012-02-07,Spring,1,2,0,2,1,Clear,0.354167,0.361104,0.49625,0.147379,199,4176,4375,Feb,10.166666666666666,181.8,266.6,155.75,362.25
404,2012-02-08,Spring,1,2,0,3,1,Mist/Cloudy,0.256667,0.266421,0.722917,0.133721,109,2693,2802,Feb,9.333333333333334,114.6,249.6,118.5,112.75
405,2012-02-09,Spring,1,2,0,4,1,Clear,0.265,0.261988,0.562083,0.194037,163,3667,3830,Feb,10.5,172.4,232.4,138.75,297.0
406,2012-02-10,Spring,1,2,0,5,1,Mist/Cloudy,0.280833,0.293558,0.54,0.116929,227,3604,3831,Feb,16.0,142.6,228.2,166.75,303.5
407,2012-02-11,Spring,1,2,0,6,0,Light Snow/Rain,0.224167,0.210867,0.73125,0.289796,192,1977,2169,Feb,23.166666666666668,52.8,72.4,220.5,130.5
408,2012-02-12,Spring,1,2,0,0,0,Clear,0.1275,0.101658,0.464583,0.409212,73,1456,1529,Feb,15.0,44.8,40.0,128.25,125.5
409,2012-02-13,Spring,1,2,0,1,1,Clear,0.2225,0.227913,0.41125,0.167283,94,3328,3422,Feb,6.5,152.4,192.0,120.75,294.5
410,2012-02-14,Spring,1,2,0,2,1,Mist/Cloudy,0.319167,0.333946,0.50875,0.141179,135,3787,3922,Feb,8.333333333333334,141.6,248.6,145.25,335.0
411,2012-02-15,Spring,1,2,0,3,1,Clear,0.348333,0.351629,0.53125,0.1816,141,4028,4169,Feb,10.0,173.0,256.4,151.25,339.25
412,2012-02-16,Spring,1,2,0,4,1,Mist/Cloudy,0.316667,0.330162,0.752917,0.091425,74,2931,3005,Feb,9.833333333333334,160.6,223.8,52.75,203.25
413,2012-02-17,Spring,1,2,0,5,1,Clear,0.343333,0.351629,0.634583,0.205846,349,3805,4154,Feb,13.666666666666666,154.2,243.2,178.75,342.5
414,2012-02-18,Spring,1,2,0,6,0,Clear,0.346667,0.355425,0.534583,0.190929,1435,2883,4318,Feb,33.666666666666664,128.4,99.0,366.5,378.25
415,2012-02-19,Spring,1,2,0,0,0,Mist/Cloudy,0.28,0.265788,0.515833,0.253112,618,2071,2689,Feb,35.666666666666664,69.6,71.8,244.75,197.25
416,2012-02-20,Spring,1,2,1,1,0,Clear,0.28,0.273391,0.507826,0.229083,502,2627,3129,Feb,18.0,96.8,85.4,266.0,266.0
417,2012-02-21,Spring,1,2,0,2,1,Clear,0.287826,0.295113,0.594348,0.205717,163,3614,3777,Feb,7.8,166.4,226.2,126.0,317.75
418,2012-02-22,Spring,1,2,0,3,1,Clear,0.395833,0.392667,0.567917,0.234471,394,4379,4773,Feb,12.166666666666666,209.8,271.8,186.25,386.75
419,2012-02-23,Spring,1,2,0,4,1,Clear,0.454167,0.444446,0.554583,0.190913,516,4546,5062,Feb,17.5,216.4,273.4,204.0,423.0
420,2012-02-24,Spring,1,2,0,5,1,Mist/Cloudy,0.4075,0.410971,0.7375,0.237567,246,3241,3487,Feb,17.0,148.8,241.6,151.25,207.0
421,2012-02-25,Spring,1,2,0,6,0,Clear,0.290833,0.255675,0.395833,0.421642,317,2415,2732,Feb,26.166666666666668,102.4,86.8,227.5,179.75
422,2012-02-26,Spring,1,2,0,0,0,Clear,0.279167,0.268308,0.41,0.205229,515,2874,3389,Feb,33.166666666666664,89.8,71.6,297.0,298.75
423,2012-02-27,Spring,1,2,0,1,1,Clear,0.366667,0.357954,0.490833,0.268033,253,4069,4322,Feb,9.666666666666666,179.2,246.4,155.0,379.0
424,2012-02-28,Spring,1,2,0,2,1,Clear,0.359167,0.353525,0.395833,0.193417,229,4134,4363,Feb,8.0,172.8,269.8,167.5,358.0
425,2012-02-29,Spring,1,2,0,3,1,Mist/Cloudy,0.344348,0.34847,0.804783,0.179117,65,1769,1834,Feb,14.6,65.2,104.2,53.0,175.5
426,2012-03-01,Spring,1,3,0,4,1,Clear,0.485833,0.475371,0.615417,0.226987,325,4665,4990,Mar,9.166666666666666,198.0,285.2,202.5,427.25
427,2012-03-02,Spring,1,3,0,5,1,Mist/Cloudy,0.353333,0.359842,0.657083,0.144904,246,2948,3194,Mar,16.833333333333332,94.6,269.8,213.75,104.0
428,2012-03-03,Spring,1,3,0,6,0,Mist/Cloudy,0.414167,0.413492,0.62125,0.161079,956,3110,4066,Mar,21.5,153.6,66.6,320.5,388.5
429,2012-03-04,Spring,1,3,0,0,0,Clear,0.325833,0.303021,0.403333,0.334571,710,2713,3423,Mar,45.5,77.4,80.8,319.75,270.0
430,2012-03-05,Spring,1,3,0,1,1,Clear,0.243333,0.241171,0.50625,0.228858,203,3130,3333,Mar,7.833333333333333,126.8,212.4,122.0,275.5
431,2012-03-06,Spring,1,3,0,2,1,Clear,0.258333,0.255042,0.456667,0.200875,221,3735,3956,Mar,7.833333333333333,156.4,248.0,142.0,329.75
432,2012-03-07,Spring,1,3,0,3,1,Clear,0.404167,0.3851,0.513333,0.345779,432,4484,4916,Mar,8.0,206.0,285.8,189.0,413.25
433,2012-03-08,Spring,1,3,0,4,1,Clear,0.5275,0.524604,0.5675,0.441563,486,4896,5382,Mar,18.666666666666668,239.6,293.4,222.75,428.5
434,2012-03-09,Spring,1,3,0,5,1,Mist/Cloudy,0.410833,0.397083,0.407083,0.4148,447,4122,4569,Mar,21.333333333333332,147.4,259.4,197.5,404.25
435,2012-03-10,Spring,1,3,0,6,0,Clear,0.2875,0.277767,0.350417,0.22575,968,3150,4118,Mar,33.333333333333336,119.6,106.8,334.75,361.75
436,2012-03-11,Spring,1,3,0,0,0,Clear,0.361739,0.35967,0.476957,0.222587,1658,3253,4911,Mar,45.0,144.4,81.4,418.5,470.75
437,2012-03-12,Spring,1,3,0,1,1,Clear,0.466667,0.459592,0.489167,0.207713,838,4460,5298,Mar,10.666666666666666,226.6,267.6,210.5,480.25
438,2012-03-13,Spring,1,3,0,2,1,Clear,0.565,0.542929,0.6175,0.23695,762,5085,5847,Mar,11.666666666666666,266.2,299.8,227.0,509.75
439,2012-03-14,Spring,1,3,0,3,1,Clear,0.5725,0.548617,0.507083,0.115062,997,5315,6312,Mar,17.333333333333332,276.6,338.0,241.25,542.5
440,2012-03-15,Spring,1,3,0,4,1,Clear,0.5575,0.532825,0.579583,0.149883,1005,5187,6192,Mar,24.833333333333332,252.8,320.0,251.75,543.0
441,2012-03-16,Spring,1,3,0,5,1,Mist/Cloudy,0.435833,0.436229,0.842083,0.113192,548,3830,4378,Mar,20.833333333333332,191.4,286.2,240.75,225.5
442,2012-03-17,Spring,1,3,0,6,0,Mist/Cloudy,0.514167,0.505046,0.755833,0.110704,3155,4681,7836,Mar,41.166666666666664,261.4,219.6,653.0,643.0
443,2012-03-18,Spring,1,3,0,0,0,Mist/Cloudy,0.4725,0.464,0.81,0.126883,2207,3685,5892,Mar,52.333333333333336,173.8,135.6,484.0,523.75
444,2012-03-19,Spring,1,3,0,1,1,Clear,0.545,0.532821,0.72875,0.162317,982,5171,6153,Mar,13.666666666666666,260.8,313.6,251.5,548.25
445,2012-03-20,Spring,1,3,0,2,1,Clear,0.560833,0.538533,0.807917,0.121271,1051,5042,6093,Mar,13.833333333333334,297.4,254.8,255.75,556.5
446,2012-03-21,Summer,1,3,0,3,1,Mist/Cloudy,0.531667,0.513258,0.82125,0.0895583,1122,5108,6230,Mar,20.0,305.8,300.6,237.25,532.25
447,2012-03-22,Summer,1,3,0,4,1,Clear,0.554167,0.531567,0.83125,0.117562,1334,5537,6871,Mar,20.666666666666668,351.0,321.2,261.5,585.0
448,2012-03-23,Summer,1,3,0,5,1,Mist/Cloudy,0.601667,0.570067,0.694167,0.1163,2469,5893,8362,Mar,37.333333333333336,372.4,355.8,412.25,712.0
449,2012-03-24,Summer,1,3,0,6,0,Mist/Cloudy,0.5025,0.486733,0.885417,0.192783,1033,2339,3372,Mar,66.0,107.2,169.2,218.75,179.75
450,2012-03-25,Summer,1,3,0,0,0,Mist/Cloudy,0.4375,0.437488,0.880833,0.220775,1532,3464,4996,Mar,39.333333333333336,191.8,102.8,366.0,455.75
451,2012-03-26,Summer,1,3,0,1,1,Clear,0.445833,0.43875,0.477917,0.386821,795,4763,5558,Mar,20.333333333333332,201.2,315.8,243.75,469.0
452,2012-03-27,Summer,1,3,0,2,1,Clear,0.323333,0.315654,0.29,0.187192,531,4571,5102,Mar,7.666666666666667,226.0,274.6,197.5,440.75
453,2012-03-28,Summer,1,3,0,3,1,Clear,0.484167,0.47095,0.48125,0.291671,674,5024,5698,Mar,14.5,268.8,323.6,246.0,416.25
454,2012-03-29,Summer,1,3,0,4,1,Clear,0.494167,0.482304,0.439167,0.31965,834,5299,6133,Mar,22.166666666666668,254.6,325.0,255.75,519.75
455,2012-03-30,Summer,1,3,0,5,1,Mist/Cloudy,0.37,0.375621,0.580833,0.138067,796,4663,5459,Mar,21.333333333333332,220.0,295.2,235.5,453.25
456,2012-03-31,Summer,1,3,0,6,0,Mist/Cloudy,0.424167,0.421708,0.738333,0.250617,2301,3934,6235,Mar,47.833333333333336,180.6,149.6,568.25,506.0
457,2012-04-01,Summer,1,4,0,0,0,Mist/Cloudy,0.425833,0.417287,0.67625,0.172267,2347,3694,6041,Apr,44.166666666666664,168.6,188.2,480.25,517.75
458,2012-04-02,Summer,1,4,0,1,1,Clear,0.433913,0.427513,0.504348,0.312139,1208,4728,5936,Apr,11.0,250.0,305.2,259.75,516.5
459,2012-04-03,Summer,1,4,0,2,1,Clear,0.466667,0.461483,0.396667,0.100133,1348,5424,6772,Apr,13.333333333333334,283.4,334.4,311.25,589.5
460,2012-04-04,Summer,1,4,0,3,1,Clear,0.541667,0.53345,0.469583,0.180975,1058,5378,6436,Apr,14.666666666666666,295.2,341.2,251.25,540.25
461,2012-04-05,Summer,1,4,0,4,1,Clear,0.435,0.431163,0.374167,0.219529,1192,5265,6457,Apr,18.5,263.6,343.0,280.5,547.75
462,2012-04-06,Summer,1,4,0,5,1,Clear,0.403333,0.390767,0.377083,0.300388,1807,4653,6460,Apr,24.333333333333332,225.0,289.6,382.25,553.0
463,2012-04-07,Summer,1,4,0,6,0,Clear,0.4375,0.426129,0.254167,0.274871,3252,3605,6857,Apr,39.333333333333336,231.0,167.0,576.5,581.25
464,2012-04-08,Summer,1,4,0,0,0,Clear,0.5,0.492425,0.275833,0.232596,2230,2939,5169,Apr,37.666666666666664,157.2,125.4,461.75,420.75
465,2012-04-09,Summer,1,4,0,1,1,Clear,0.489167,0.476638,0.3175,0.358196,905,4680,5585,Apr,16.5,207.4,304.6,250.5,481.0
466,2012-04-10,Summer,1,4,0,2,1,Clear,0.446667,0.436233,0.435,0.249375,819,5099,5918,Apr,10.833333333333334,231.2,335.8,251.25,503.25
467,2012-04-11,Summer,1,4,0,3,1,Clear,0.348696,0.337274,0.469565,0.295274,482,4380,4862,Apr,14.6,195.8,295.4,165.0,418.25
468,2012-04-12,Summer,1,4,0,4,1,Clear,0.3975,0.387604,0.46625,0.290429,663,4746,5409,Apr,10.5,230.4,290.8,227.5,457.5
469,2012-04-13,Summer,1,4,0,5,1,Clear,0.4425,0.431808,0.408333,0.155471,1252,5146,6398,Apr,22.166666666666668,263.0,293.0,315.25,556.0
470,2012-04-14,Summer,1,4,0,6,0,Clear,0.495,0.487996,0.502917,0.190917,2795,4665,7460,Apr,45.833333333333336,281.6,183.2,645.0,570.25
471,2012-04-15,Summer,1,4,0,0,0,Clear,0.606667,0.573875,0.507917,0.225129,2846,4286,7132,Apr,61.833333333333336,224.6,166.2,618.0,583.75
472,2012-04-16,Summer,1,4,1,1,0,Clear,0.664167,0.614925,0.561667,0.284829,1198,5172,6370,Apr,22.5,300.6,327.6,268.25,505.25
473,2012-04-17,Summer,1,4,0,2,1,Clear,0.608333,0.598487,0.390417,0.273629,989,5702,6691,Apr,17.166666666666668,296.0,379.0,244.75,558.5
474,2012-04-18,Summer,1,4,0,3,1,Mist/Cloudy,0.463333,0.457038,0.569167,0.167912,347,4020,4367,Apr,18.0,209.8,308.0,86.0,331.5
475,2012-04-19,Summer,1,4,0,4,1,Clear,0.498333,0.493046,0.6125,0.0659292,846,5719,6565,Apr,13.666666666666666,329.8,338.6,242.0,543.25
476,2012-04-20,Summer,1,4,0,5,1,Clear,0.526667,0.515775,0.694583,0.149871,1340,5950,7290,Apr,24.666666666666668,301.8,353.6,347.75,618.5
477,2012-04-21,Summer,1,4,0,6,0,Clear,0.57,0.542921,0.682917,0.283587,2541,4083,6624,Apr,58.333333333333336,79.2,224.2,626.5,562.75
478,2012-04-22,Summer,1,4,0,0,0,Light Snow/Rain,0.396667,0.389504,0.835417,0.344546,120,907,1027,Apr,49.833333333333336,22.2,46.8,60.75,35.0
479,2012-04-23,Summer,1,4,0,1,1,Mist/Cloudy,0.321667,0.301125,0.766667,0.303496,195,3019,3214,Apr,5.0,160.2,221.2,112.75,206.5
480,2012-04-24,Summer,1,4,0,2,1,Clear,0.413333,0.405283,0.454167,0.249383,518,5115,5633,Apr,8.333333333333334,244.6,318.2,212.0,480.25
481,2012-04-25,Summer,1,4,0,3,1,Clear,0.476667,0.470317,0.427917,0.118792,655,5541,6196,Apr,16.833333333333332,291.6,330.4,234.75,511.5
482,2012-04-26,Summer,1,4,0,4,1,Mist/Cloudy,0.498333,0.483583,0.756667,0.176625,475,4551,5026,Apr,17.5,269.2,210.8,180.25,450.0
483,2012-04-27,Summer,1,4,0,5,1,Clear,0.4575,0.452637,0.400833,0.347633,1014,5219,6233,Apr,26.333333333333332,242.4,319.4,286.5,530.0
484,2012-04-28,Summer,1,4,0,6,0,Mist/Cloudy,0.376667,0.377504,0.489583,0.129975,1120,3100,4220,Apr,43.333333333333336,90.0,149.2,392.0,299.0
485,2012-04-29,Summer,1,4,0,0,0,Clear,0.458333,0.450121,0.587083,0.116908,2229,4075,6304,Apr,24.0,202.4,141.2,560.75,549.75
486,2012-04-30,Summer,1,4,0,1,1,Mist/Cloudy,0.464167,0.457696,0.57,0.171638,665,4907,5572,Apr,17.666666666666668,239.0,298.6,213.25,481.25
487,2012-05-01,Summer,1,5,0,2,1,Mist/Cloudy,0.613333,0.577021,0.659583,0.156096,653,5087,5740,May,15.333333333333334,282.0,255.0,237.75,503.0
488,2012-05-02,Summer,1,5,0,3,1,Clear,0.564167,0.537896,0.797083,0.138058,667,5502,6169,May,20.166666666666668,270.4,326.8,224.25,541.25
489,2012-05-03,Summer,1,5,0,4,1,Mist/Cloudy,0.56,0.537242,0.768333,0.133696,764,5657,6421,May,26.666666666666668,321.6,323.8,242.75,515.75
490,2012-05-04,Summer,1,5,0,5,1,Clear,0.6275,0.590917,0.735417,0.162938,1069,5227,6296,May,31.666666666666668,297.6,320.4,237.25,516.75
491,2012-05-05,Summer,1,5,0,6,0,Mist/Cloudy,0.621667,0.584608,0.756667,0.152992,2496,4387,6883,May,66.33333333333333,269.8,208.4,519.25,504.25
492,2012-05-06,Summer,1,5,0,0,0,Mist/Cloudy,0.5625,0.546737,0.74,0.149879,2135,4224,6359,May,67.16666666666667,224.2,138.2,513.75,522.25
493,2012-05-07,Summer,1,5,0,1,1,Mist/Cloudy,0.5375,0.527142,0.664167,0.230721,1008,5265,6273,May,13.166666666666666,280.4,341.2,246.75,524.75
494,2012-05-08,Summer,1,5,0,2,1,Mist/Cloudy,0.581667,0.557471,0.685833,0.296029,738,4990,5728,May,15.666666666666666,238.6,344.2,192.5,487.5
495,2012-05-09,Summer,1,5,0,3,1,Mist/Cloudy,0.575,0.553025,0.744167,0.216412,620,4097,4717,May,14.166666666666666,61.0,328.8,247.5,423.25
496,2012-05-10,Summer,1,5,0,4,1,Clear,0.505833,0.491783,0.552083,0.314063,1026,5546,6572,May,12.666666666666666,304.8,337.0,273.25,548.5
497,2012-05-11,Summer,1,5,0,5,1,Clear,0.533333,0.520833,0.360417,0.236937,1319,5711,7030,May,31.5,305.6,327.6,334.0,584.75
498,2012-05-12,Summer,1,5,0,6,0,Clear,0.564167,0.544817,0.480417,0.123133,2622,4807,7429,May,56.833333333333336,281.2,204.8,588.75,575.75
499,2012-05-13,Summer,1,5,0,0,0,Clear,0.6125,0.585238,0.57625,0.225117,2172,3946,6118,May,53.833333333333336,188.6,161.8,528.25,482.5
500,2012-05-14,Summer,1,5,0,1,1,Mist/Cloudy,0.573333,0.5499,0.789583,0.212692,342,2501,2843,May,13.666666666666666,169.8,93.0,152.75,209.0
501,2012-05-15,Summer,1,5,0,2,1,Mist/Cloudy,0.611667,0.576404,0.794583,0.147392,625,4490,5115,May,12.333333333333334,207.6,210.2,227.75,510.25
502,2012-05-16,Summer,1,5,0,3,1,Clear,0.636667,0.595975,0.697917,0.122512,991,6433,7424,May,21.166666666666668,372.2,357.4,302.5,609.75
503,2012-05-17,Summer,1,5,0,4,1,Clear,0.593333,0.572613,0.52,0.229475,1242,6142,7384,May,29.5,339.8,363.6,306.0,616.5
504,2012-05-18,Summer,1,5,0,5,1,Clear,0.564167,0.551121,0.523333,0.136817,1521,6118,7639,May,33.166666666666664,300.6,411.6,359.75,610.0
505,2012-05-19,Summer,1,5,0,6,0,Clear,0.6,0.566908,0.45625,0.083975,3410,4884,8294,May,63.333333333333336,316.6,216.8,665.5,646.25
506,2012-05-20,Summer,1,5,0,0,0,Clear,0.620833,0.583967,0.530417,0.254367,2704,4425,7129,May,81.33333333333333,228.0,206.2,592.0,525.5
507,2012-05-21,Summer,1,5,0,1,1,Mist/Cloudy,0.598333,0.565667,0.81125,0.233204,630,3729,4359,May,15.0,252.8,157.4,160.0,394.5
508,2012-05-22,Summer,1,5,0,2,1,Mist/Cloudy,0.615,0.580825,0.765833,0.118167,819,5254,6073,May,17.166666666666668,255.4,316.8,227.0,550.25
509,2012-05-23,Summer,1,5,0,3,1,Mist/Cloudy,0.621667,0.584612,0.774583,0.102,766,4494,5260,May,22.333333333333332,236.2,367.0,240.75,286.75
510,2012-05-24,Summer,1,5,0,4,1,Clear,0.655,0.6067,0.716667,0.172896,1059,5711,6770,May,23.5,317.0,349.8,266.0,557.75
511,2012-05-25,Summer,1,5,0,5,1,Clear,0.68,0.627529,0.747083,0.14055,1417,5317,6734,May,31.833333333333332,277.4,325.4,326.0,556.25
512,2012-05-26,Summer,1,5,0,6,0,Clear,0.6925,0.642696,0.7325,0.198992,2855,3681,6536,May,50.833333333333336,246.6,190.4,538.0,473.5
513,2012-05-27,Summer,1,5,0,0,0,Clear,0.69,0.641425,0.697083,0.215171,3283,3308,6591,May,55.0,226.4,183.8,533.5,519.0
514,2012-05-28,Summer,1,5,1,1,0,Clear,0.7125,0.6793,0.67625,0.196521,2557,3486,6043,May,34.166666666666664,239.6,173.8,505.5,437.25
515,2012-05-29,Summer,1,5,0,2,1,Clear,0.7225,0.672992,0.684583,0.2954,880,4863,5743,May,18.0,181.2,335.6,227.75,535.0
516,2012-05-30,Summer,1,5,0,3,1,Mist/Cloudy,0.656667,0.611129,0.67,0.134329,745,6110,6855,May,16.166666666666668,333.6,356.0,250.5,577.0
517,2012-05-31,Summer,1,5,0,4,1,Clear,0.68,0.631329,0.492917,0.195279,1100,6238,7338,May,25.0,366.6,381.8,264.25,597.25
518,2012-06-01,Summer,1,6,0,5,1,Mist/Cloudy,0.654167,0.607962,0.755417,0.237563,533,3594,4127,Jun,31.833333333333332,53.0,347.8,278.75,204.25
519,2012-06-02,Summer,1,6,0,6,0,Clear,0.583333,0.566288,0.549167,0.186562,2795,5325,8120,Jun,42.333333333333336,347.0,231.4,632.5,611.0
520,2012-06-03,Summer,1,6,0,0,0,Clear,0.6025,0.575133,0.493333,0.184087,2494,5147,7641,Jun,75.66666666666667,269.4,180.2,639.75,595.0
521,2012-06-04,Summer,1,6,0,1,1,Clear,0.5975,0.578283,0.487083,0.284833,1071,5927,6998,Jun,20.333333333333332,325.0,358.0,266.25,599.0
522,2012-06-05,Summer,1,6,0,2,1,Mist/Cloudy,0.540833,0.525892,0.613333,0.209575,968,6033,7001,Jun,18.0,303.4,394.8,254.25,596.25
523,2012-06-06,Summer,1,6,0,3,1,Clear,0.554167,0.542292,0.61125,0.077125,1027,6028,7055,Jun,23.833333333333332,323.0,378.6,286.5,564.5
524,2012-06-07,Summer,1,6,0,4,1,Clear,0.6025,0.569442,0.567083,0.15735,1038,6456,7494,Jun,23.0,359.6,384.8,288.25,620.25
525,2012-06-08,Summer,1,6,0,5,1,Clear,0.649167,0.597862,0.467917,0.175383,1488,6248,7736,Jun,28.666666666666668,361.6,379.6,355.5,609.0
526,2012-06-09,Summer,1,6,0,6,0,Clear,0.710833,0.648367,0.437083,0.144287,2708,4790,7498,Jun,80.83333333333333,296.6,243.4,569.5,508.75
527,2012-06-10,Summer,1,6,0,0,0,Clear,0.726667,0.663517,0.538333,0.133721,2224,4374,6598,Jun,66.5,252.0,190.4,498.25,498.5
528,2012-06-11,Summer,1,6,0,1,1,Mist/Cloudy,0.720833,0.659721,0.587917,0.207713,1017,5647,6664,Jun,22.0,296.8,352.2,242.5,579.25
529,2012-06-12,Summer,1,6,0,2,1,Mist/Cloudy,0.653333,0.597875,0.833333,0.214546,477,4495,4972,Jun,15.833333333333334,289.4,292.4,69.75,422.25
530,2012-06-13,Summer,1,6,0,3,1,Clear,0.655833,0.611117,0.582083,0.343279,1173,6248,7421,Jun,20.666666666666668,381.2,392.4,288.75,568.5
531,2012-06-14,Summer,1,6,0,4,1,Clear,0.648333,0.624383,0.569583,0.253733,1180,6183,7363,Jun,21.5,353.0,388.4,268.75,613.0
532,2012-06-15,Summer,1,6,0,5,1,Clear,0.639167,0.599754,0.589583,0.176617,1563,6102,7665,Jun,35.333333333333336,345.6,363.2,364.5,612.75
533,2012-06-16,Summer,1,6,0,6,0,Clear,0.631667,0.594708,0.504167,0.166667,2963,4739,7702,Jun,59.5,313.2,226.2,589.75,572.25
534,2012-06-17,Summer,1,6,0,0,0,Clear,0.5925,0.571975,0.59875,0.144904,2634,4344,6978,Jun,62.166666666666664,239.8,180.0,589.25,537.25
535,2012-06-18,Summer,1,6,0,1,1,Mist/Cloudy,0.568333,0.544842,0.777917,0.174746,653,4446,5099,Jun,16.5,267.2,199.4,183.25,483.5
536,2012-06-19,Summer,1,6,0,2,1,Clear,0.688333,0.654692,0.69,0.148017,968,5857,6825,Jun,19.833333333333332,332.8,364.4,255.25,549.75
537,2012-06-20,Summer,1,6,0,3,1,Clear,0.7825,0.720975,0.592083,0.113812,872,5339,6211,Jun,23.333333333333332,334.0,351.0,192.25,469.25
538,2012-06-21,Fall,1,6,0,4,1,Clear,0.805833,0.752542,0.567917,0.118787,778,5127,5905,Jun,28.0,327.0,321.8,181.0,442.25
539,2012-06-22,Fall,1,6,0,5,1,Clear,0.7775,0.724121,0.57375,0.182842,964,4859,5823,Jun,31.833333333333332,230.4,322.4,263.25,453.75
540,2012-06-23,Fall,1,6,0,6,0,Clear,0.731667,0.652792,0.534583,0.179721,2657,4801,7458,Jun,67.5,327.4,223.6,572.75,501.75
541,2012-06-24,Fall,1,6,0,0,0,Clear,0.743333,0.674254,0.479167,0.145525,2551,4340,6891,Jun,80.83333333333333,254.6,184.2,549.5,503.5
542,2012-06-25,Fall,1,6,0,1,1,Clear,0.715833,0.654042,0.504167,0.300383,1139,5640,6779,Jun,27.5,335.6,340.6,240.5,567.75
543,2012-06-26,Fall,1,6,0,2,1,Clear,0.630833,0.594704,0.373333,0.347642,1077,6365,7442,Jun,22.333333333333332,364.2,382.8,279.0,614.25
544,2012-06-27,Fall,1,6,0,3,1,Clear,0.6975,0.640792,0.36,0.271775,1077,6258,7335,Jun,24.333333333333332,382.2,373.6,280.5,572.0
545,2012-06-28,Fall,1,6,0,4,1,Clear,0.749167,0.675512,0.4225,0.17165,921,5958,6879,Jun,26.166666666666668,376.8,370.6,244.25,502.0
546,2012-06-29,Fall,1,6,0,5,1,Clear,0.834167,0.786613,0.48875,0.165417,829,4634,5463,Jun,39.5,223.6,327.6,221.5,396.0
547,2012-06-30,Fall,1,6,0,6,0,Clear,0.765,0.687508,0.60125,0.161071,1455,4232,5687,Jun,39.833333333333336,240.6,201.4,440.0,369.5
548,2012-07-01,Fall,1,7,0,0,0,Clear,0.815833,0.750629,0.51875,0.168529,1421,4110,5531,Jul,63.166666666666664,246.6,160.8,418.5,360.25
549,2012-07-02,Fall,1,7,0,1,1,Clear,0.781667,0.702038,0.447083,0.195267,904,5323,6227,Jul,22.0,304.8,314.2,231.0,519.0
550,2012-07-03,Fall,1,7,0,2,1,Clear,0.780833,0.70265,0.492083,0.126237,1052,5608,6660,Jul,20.0,283.4,352.8,270.5,569.25
551,2012-07-04,Fall,1,7,1,3,0,Clear,0.789167,0.732337,0.53875,0.13495,2562,4841,7403,Jul,73.66666666666667,450.4,199.4,506.25,421.75
552,2012-07-05,Fall,1,7,0,4,1,Clear,0.8275,0.761367,0.457917,0.194029,1405,4836,6241,Jul,29.833333333333332,300.6,301.0,267.75,495.75
553,2012-07-06,Fall,1,7,0,5,1,Clear,0.828333,0.752533,0.450833,0.146142,1366,4841,6207,Jul,32.666666666666664,301.2,316.6,283.0,447.5
554,2012-07-07,Fall,1,7,0,6,0,Clear,0.861667,0.804913,0.492083,0.163554,1448,3392,4840,Jul,56.666666666666664,226.4,167.0,344.25,289.0
555,2012-07-08,Fall,1,7,0,0,0,Clear,0.8225,0.790396,0.57375,0.125629,1203,3469,4672,Jul,65.83333333333333,197.4,152.8,353.5,278.0
556,2012-07-09,Fall,1,7,0,1,1,Mist/Cloudy,0.710833,0.654054,0.683333,0.180975,998,5571,6569,Jul,16.166666666666668,352.8,263.0,244.75,603.5
557,2012-07-10,Fall,1,7,0,2,1,Mist/Cloudy,0.720833,0.664796,0.6675,0.151737,954,5336,6290,Jul,24.833333333333332,166.0,375.4,260.75,597.75
558,2012-07-11,Fall,1,7,0,3,1,Clear,0.716667,0.650271,0.633333,0.151733,975,6289,7264,Jul,19.333333333333332,380.6,375.8,258.75,582.75
559,2012-07-12,Fall,1,7,0,4,1,Clear,0.715833,0.654683,0.529583,0.146775,1032,6414,7446,Jul,24.166666666666668,409.0,386.6,248.25,582.5
560,2012-07-13,Fall,1,7,0,5,1,Mist/Cloudy,0.731667,0.667933,0.485833,0.08085,1511,5988,7499,Jul,37.5,330.2,380.4,352.5,577.75
561,2012-07-14,Fall,1,7,0,6,0,Mist/Cloudy,0.703333,0.666042,0.699167,0.143679,2355,4614,6969,Jul,77.33333333333333,298.4,183.4,540.25,483.75
562,2012-07-15,Fall,1,7,0,0,0,Clear,0.745833,0.705196,0.717917,0.166667,1920,4111,6031,Jul,92.5,210.0,159.6,474.0,433.0
563,2012-07-16,Fall,1,7,0,1,1,Clear,0.763333,0.724125,0.645,0.164187,1088,5742,6830,Jul,22.833333333333332,365.4,364.8,217.5,543.0
564,2012-07-17,Fall,1,7,0,2,1,Clear,0.818333,0.755683,0.505833,0.114429,921,5865,6786,Jul,22.166666666666668,342.4,375.8,223.75,541.75
565,2012-07-18,Fall,1,7,0,3,1,Clear,0.793333,0.745583,0.577083,0.137442,799,4914,5713,Jul,22.166666666666668,324.0,354.2,189.5,357.75
566,2012-07-19,Fall,1,7,0,4,1,Clear,0.77,0.714642,0.600417,0.165429,888,5703,6591,Jul,25.166666666666668,300.6,359.6,235.25,549.5
567,2012-07-20,Fall,1,7,0,5,1,Mist/Cloudy,0.665833,0.613025,0.844167,0.208967,747,5123,5870,Jul,25.166666666666668,215.2,356.6,217.75,497.25
568,2012-07-21,Fall,1,7,0,6,0,Light Snow/Rain,0.595833,0.549912,0.865417,0.2133,1264,3195,4459,Jul,48.833333333333336,188.8,127.8,364.75,281.0
569,2012-07-22,Fall,1,7,0,0,0,Mist/Cloudy,0.6675,0.623125,0.7625,0.0939208,2544,4866,7410,Jul,71.66666666666667,311.8,169.4,562.75,580.75
570,2012-07-23,Fall,1,7,0,1,1,Clear,0.741667,0.690017,0.694167,0.138683,1135,5831,6966,Jul,25.333333333333332,320.8,372.2,255.75,581.5
571,2012-07-24,Fall,1,7,0,2,1,Clear,0.750833,0.70645,0.655,0.211454,1140,6452,7592,Jul,26.5,398.8,401.2,236.75,621.5
572,2012-07-25,Fall,1,7,0,3,1,Clear,0.724167,0.654054,0.45,0.1648,1383,6790,8173,Jul,30.166666666666668,435.8,411.6,287.5,651.25
573,2012-07-26,Fall,1,7,0,4,1,Clear,0.776667,0.739263,0.596667,0.284813,1036,5825,6861,Jul,32.666666666666664,342.0,394.2,236.5,509.5
574,2012-07-27,Fall,1,7,0,5,1,Clear,0.781667,0.734217,0.594583,0.152992,1259,5645,6904,Jul,39.0,303.6,363.8,297.5,535.75
575,2012-07-28,Fall,1,7,0,6,0,Clear,0.755833,0.697604,0.613333,0.15735,2234,4451,6685,Jul,71.5,271.0,204.2,484.0,486.0
576,2012-07-29,Fall,1,7,0,0,0,Clear,0.721667,0.667933,0.62375,0.170396,2153,4444,6597,Jul,90.5,253.0,158.4,506.25,493.0
577,2012-07-30,Fall,1,7,0,1,1,Clear,0.730833,0.684987,0.66875,0.153617,1040,6065,7105,Jul,23.333333333333332,365.8,372.6,243.25,575.0
578,2012-07-31,Fall,1,7,0,2,1,Clear,0.713333,0.662896,0.704167,0.165425,968,6248,7216,Jul,20.666666666666668,364.4,405.4,255.0,555.75
579,2012-08-01,Fall,1,8,0,3,1,Clear,0.7175,0.667308,0.6775,0.141179,1074,6506,7580,Aug,25.5,385.0,387.8,265.25,625.5
580,2012-08-02,Fall,1,8,0,4,1,Clear,0.7525,0.707088,0.659583,0.129354,983,6278,7261,Aug,28.666666666666668,363.0,383.8,261.75,577.0
581,2012-08-03,Fall,1,8,0,5,1,Mist/Cloudy,0.765833,0.722867,0.6425,0.215792,1328,5847,7175,Aug,30.5,306.8,379.4,319.25,571.0
582,2012-08-04,Fall,1,8,0,6,0,Clear,0.793333,0.751267,0.613333,0.257458,2345,4479,6824,Aug,71.16666666666667,297.8,194.2,504.0,480.25
583,2012-08-05,Fall,1,8,0,0,0,Clear,0.769167,0.731079,0.6525,0.290421,1707,3757,5464,Aug,64.5,166.0,157.6,494.25,370.5
584,2012-08-06,Fall,1,8,0,1,1,Mist/Cloudy,0.7525,0.710246,0.654167,0.129354,1233,5780,7013,Aug,15.0,346.8,328.4,280.25,606.5
585,2012-08-07,Fall,1,8,0,2,1,Mist/Cloudy,0.735833,0.697621,0.70375,0.116908,1278,5995,7273,Aug,21.5,347.4,392.6,252.75,608.25
586,2012-08-08,Fall,1,8,0,3,1,Mist/Cloudy,0.75,0.707717,0.672917,0.1107,1263,6271,7534,Aug,24.0,387.2,389.4,267.0,609.75
587,2012-08-09,Fall,1,8,0,4,1,Clear,0.755833,0.699508,0.620417,0.1561,1196,6090,7286,Aug,27.666666666666668,370.4,379.6,266.25,576.25
588,2012-08-10,Fall,1,8,0,5,1,Mist/Cloudy,0.715833,0.667942,0.715833,0.238813,1065,4721,5786,Aug,32.5,311.6,141.8,290.75,540.25
589,2012-08-11,Fall,1,8,0,6,0,Mist/Cloudy,0.6925,0.638267,0.732917,0.206479,2247,4052,6299,Aug,70.5,178.8,185.0,538.0,476.25
590,2012-08-12,Fall,1,8,0,0,0,Clear,0.700833,0.644579,0.530417,0.122512,2182,4362,6544,Aug,64.5,255.2,143.8,519.0,521.5
591,2012-08-13,Fall,1,8,0,1,1,Clear,0.720833,0.662254,0.545417,0.136212,1207,5676,6883,Aug,20.5,319.4,354.4,255.75,592.0
592,2012-08-14,Fall,1,8,0,2,1,Clear,0.726667,0.676779,0.686667,0.169158,1128,5656,6784,Aug,23.666666666666668,345.4,294.2,259.25,601.75
593,2012-08-15,Fall,1,8,0,3,1,Clear,0.706667,0.654037,0.619583,0.169771,1198,6149,7347,Aug,26.5,351.0,389.2,272.75,599.0
594,2012-08-16,Fall,1,8,0,4,1,Clear,0.719167,0.654688,0.519167,0.141796,1338,6267,7605,Aug,26.333333333333332,405.4,369.4,291.25,602.0
595,2012-08-17,Fall,1,8,0,5,1,Clear,0.723333,0.2424,0.570833,0.231354,1483,5665,7148,Aug,35.333333333333336,287.8,362.6,338.25,582.75
596,2012-08-18,Fall,1,8,0,6,0,Clear,0.678333,0.618071,0.603333,0.177867,2827,5038,7865,Aug,48.666666666666664,332.6,210.4,608.0,606.5
597,2012-08-19,Fall,1,8,0,0,0,Mist/Cloudy,0.635833,0.603554,0.711667,0.08645,1208,3341,4549,Aug,88.16666666666667,181.4,176.0,220.25,338.0
598,2012-08-20,Fall,1,8,0,1,1,Mist/Cloudy,0.635833,0.595967,0.734167,0.129979,1026,5504,6530,Aug,14.666666666666666,213.6,361.6,272.25,619.25
599,2012-08-21,Fall,1,8,0,2,1,Clear,0.649167,0.601025,0.67375,0.0727708,1081,5925,7006,Aug,23.5,296.4,383.4,298.5,568.0
600,2012-08-22,Fall,1,8,0,3,1,Clear,0.6675,0.621854,0.677083,0.0702833,1094,6281,7375,Aug,24.666666666666668,348.6,416.2,290.25,560.5
601,2012-08-23,Fall,1,8,0,4,1,Clear,0.695833,0.637008,0.635833,0.0845958,1363,6402,7765,Aug,26.166666666666668,358.2,405.0,315.25,632.75
602,2012-08-24,Fall,1,8,0,5,1,Mist/Cloudy,0.7025,0.6471,0.615,0.0721458,1325,6257,7582,Aug,37.166666666666664,326.8,394.2,335.25,603.25
603,2012-08-25,Fall,1,8,0,6,0,Mist/Cloudy,0.661667,0.618696,0.712917,0.244408,1829,4224,6053,Aug,65.5,228.6,204.8,510.0,363.25
604,2012-08-26,Fall,1,8,0,0,0,Mist/Cloudy,0.653333,0.595996,0.845833,0.228858,1483,3772,5255,Aug,78.16666666666667,172.6,167.2,506.5,265.25
605,2012-08-27,Fall,1,8,0,1,1,Clear,0.703333,0.654688,0.730417,0.128733,989,5928,6917,Aug,16.5,308.4,365.0,261.5,601.25
606,2012-08-28,Fall,1,8,0,2,1,Clear,0.728333,0.66605,0.62,0.190925,935,6105,7040,Aug,21.333333333333332,334.2,341.6,263.5,619.75
607,2012-08-29,Fall,1,8,0,3,1,Clear,0.685,0.635733,0.552083,0.112562,1177,6520,7697,Aug,21.0,355.0,413.8,303.5,628.25
608,2012-08-30,Fall,1,8,0,4,1,Clear,0.706667,0.652779,0.590417,0.0771167,1172,6541,7713,Aug,25.5,366.2,415.8,283.25,629.25
609,2012-08-31,Fall,1,8,0,5,1,Clear,0.764167,0.6894,0.5875,0.168533,1433,5917,7350,Aug,29.166666666666668,312.4,374.6,380.75,554.25
610,2012-09-01,Fall,1,9,0,6,0,Mist/Cloudy,0.753333,0.702654,0.638333,0.113187,2352,3788,6140,Sep,64.16666666666667,185.2,183.6,495.25,482.5
611,2012-09-02,Fall,1,9,0,0,0,Mist/Cloudy,0.696667,0.649,0.815,0.0640708,2613,3197,5810,Sep,55.333333333333336,171.2,161.2,496.0,458.0
612,2012-09-03,Fall,1,9,1,1,0,Clear,0.7075,0.661629,0.790833,0.151121,1965,4069,6034,Sep,40.333333333333336,202.0,154.6,520.0,482.25
613,2012-09-04,Fall,1,9,0,2,1,Clear,0.725833,0.686888,0.755,0.236321,867,5997,6864,Sep,19.0,295.8,358.4,258.5,611.25
614,2012-09-05,Fall,1,9,0,3,1,Clear,0.736667,0.708983,0.74125,0.187808,832,6280,7112,Sep,18.0,347.8,392.0,232.0,594.25
615,2012-09-06,Fall,1,9,0,4,1,Mist/Cloudy,0.696667,0.655329,0.810417,0.142421,611,5592,6203,Sep,24.333333333333332,324.4,300.0,151.5,582.25
616,2012-09-07,Fall,1,9,0,5,1,Clear,0.703333,0.657204,0.73625,0.171646,1045,6459,7504,Sep,32.166666666666664,361.4,382.6,306.5,591.25
617,2012-09-08,Fall,1,9,0,6,0,Mist/Cloudy,0.659167,0.611121,0.799167,0.281104,1557,4419,5976,Sep,68.83333333333333,183.4,223.2,641.5,241.0
618,2012-09-09,Fall,1,9,0,0,0,Clear,0.61,0.578925,0.5475,0.224496,2570,5657,8227,Sep,78.83333333333333,267.8,213.8,679.5,657.0
619,2012-09-10,Fall,1,9,0,1,1,Clear,0.583333,0.565654,0.50375,0.258713,1118,6407,7525,Sep,22.166666666666668,312.0,385.6,307.75,668.25
620,2012-09-11,Fall,1,9,0,2,1,Clear,0.5775,0.554292,0.52,0.0920542,1070,6697,7767,Sep,18.166666666666668,338.4,422.2,286.5,677.25
621,2012-09-12,Fall,1,9,0,3,1,Clear,0.599167,0.570075,0.577083,0.131846,1050,6820,7870,Sep,23.5,350.0,413.0,296.25,682.25
622,2012-09-13,Fall,1,9,0,4,1,Clear,0.6125,0.579558,0.637083,0.0827208,1054,6750,7804,Sep,28.0,375.0,414.8,277.0,644.75
623,2012-09-14,Fall,1,9,0,5,1,Clear,0.633333,0.594083,0.6725,0.103863,1379,6630,8009,Sep,37.5,343.8,393.0,367.0,658.0
624,2012-09-15,Fall,1,9,0,6,0,Clear,0.608333,0.585867,0.501667,0.247521,3160,5554,8714,Sep,78.0,322.4,220.4,688.0,695.0
625,2012-09-16,Fall,1,9,0,0,0,Clear,0.58,0.563125,0.57,0.0901833,2166,5167,7333,Sep,71.0,227.8,204.0,636.0,551.0
626,2012-09-17,Fall,1,9,0,1,1,Mist/Cloudy,0.580833,0.55305,0.734583,0.151742,1022,5847,6869,Sep,23.666666666666668,251.6,368.0,305.5,601.75
627,2012-09-18,Fall,1,9,0,2,1,Mist/Cloudy,0.623333,0.565067,0.8725,0.357587,371,3702,4073,Sep,13.833333333333334,210.0,329.6,124.0,199.0
628,2012-09-19,Fall,1,9,0,3,1,Clear,0.5525,0.540404,0.536667,0.215175,788,6803,7591,Sep,18.666666666666668,344.2,413.6,283.75,638.75
629,2012-09-20,Fall,1,9,0,4,1,Clear,0.546667,0.532192,0.618333,0.118167,939,6781,7720,Sep,25.833333333333332,347.0,407.8,291.75,656.0
630,2012-09-21,Fall,1,9,0,5,1,Clear,0.599167,0.571971,0.66875,0.154229,1250,6917,8167,Sep,33.333333333333336,350.0,406.6,385.75,660.25
631,2012-09-22,Fall,1,9,0,6,0,Clear,0.65,0.610488,0.646667,0.283583,2512,5883,8395,Sep,76.0,280.6,237.4,668.75,668.5
632,2012-09-23,Winter,1,9,0,0,0,Clear,0.529167,0.518933,0.467083,0.223258,2454,5453,7907,Sep,81.16666666666667,219.8,202.6,678.5,648.5
633,2012-09-24,Winter,1,9,0,1,1,Clear,0.514167,0.502513,0.492917,0.142404,1001,6435,7436,Sep,23.333333333333332,308.8,394.8,302.75,641.75
634,2012-09-25,Winter,1,9,0,2,1,Clear,0.55,0.544179,0.57,0.236321,845,6693,7538,Sep,25.333333333333332,309.4,426.8,279.5,646.75
635,2012-09-26,Winter,1,9,0,3,1,Clear,0.635,0.596613,0.630833,0.2444,787,6946,7733,Sep,24.333333333333332,350.2,414.2,290.0,651.25
636,2012-09-27,Winter,1,9,0,4,1,Mist/Cloudy,0.65,0.607975,0.690833,0.134342,751,6642,7393,Sep,30.5,272.2,412.8,303.25,643.0
637,2012-09-28,Winter,1,9,0,5,1,Mist/Cloudy,0.619167,0.585863,0.69,0.164179,1045,6370,7415,Sep,16.166666666666668,298.2,381.6,387.5,592.25
638,2012-09-29,Winter,1,9,0,6,0,Clear,0.5425,0.530296,0.542917,0.227604,2589,5966,8555,Sep,66.66666666666667,298.8,225.0,695.25,688.75
639,2012-09-30,Winter,1,9,0,0,0,Clear,0.526667,0.517663,0.583333,0.134958,2015,4874,6889,Sep,71.66666666666667,144.4,197.4,619.25,568.25
640,2012-10-01,Winter,1,10,0,1,1,Mist/Cloudy,0.520833,0.512,0.649167,0.0908042,763,6015,6778,Oct,21.333333333333332,261.6,388.2,286.0,564.25
641,2012-10-02,Winter,1,10,0,2,1,Light Snow/Rain,0.590833,0.542333,0.871667,0.104475,315,4324,4639,Oct,17.0,265.6,140.8,130.0,496.25
642,2012-10-03,Winter,1,10,0,3,1,Mist/Cloudy,0.6575,0.599133,0.79375,0.0665458,728,6844,7572,Oct,22.0,352.0,407.6,279.5,631.0
643,2012-10-04,Winter,1,10,0,4,1,Mist/Cloudy,0.6575,0.607975,0.722917,0.117546,891,6437,7328,Oct,29.0,336.6,359.6,265.75,652.5
644,2012-10-05,Winter,1,10,0,5,1,Clear,0.615,0.580187,0.6275,0.10635,1516,6640,8156,Oct,37.833333333333336,314.8,398.8,399.0,691.25
645,2012-10-06,Winter,1,10,0,6,0,Clear,0.554167,0.538521,0.664167,0.268025,3031,4934,7965,Oct,80.66666666666667,233.4,250.8,669.0,596.0
646,2012-10-07,Winter,1,10,0,0,0,Mist/Cloudy,0.415833,0.419813,0.708333,0.141162,781,2729,3510,Oct,58.833333333333336,100.4,78.2,340.5,225.5
647,2012-10-08,Winter,1,10,1,1,0,Mist/Cloudy,0.383333,0.387608,0.709583,0.189679,874,4604,5478,Oct,23.166666666666668,185.0,248.0,368.5,425.0
648,2012-10-09,Winter,1,10,0,2,1,Mist/Cloudy,0.446667,0.438112,0.761667,0.1903,601,5791,6392,Oct,13.333333333333334,269.0,352.8,233.75,567.0
649,2012-10-10,Winter,1,10,0,3,1,Clear,0.514167,0.503142,0.630833,0.187821,780,6911,7691,Oct,16.833333333333332,312.0,420.8,312.25,669.25
650,2012-10-11,Winter,1,10,0,4,1,Clear,0.435,0.431167,0.463333,0.181596,834,6736,7570,Oct,19.833333333333332,356.2,398.8,304.0,615.0
651,2012-10-12,Winter,1,10,0,5,1,Clear,0.4375,0.433071,0.539167,0.235092,1060,6222,7282,Oct,28.333333333333332,250.2,391.0,363.0,613.5
652,2012-10-13,Winter,1,10,0,6,0,Clear,0.393333,0.391396,0.494583,0.146142,2252,4857,7109,Oct,83.16666666666667,221.0,177.0,591.75,563.25
653,2012-10-14,Winter,1,10,0,0,0,Clear,0.521667,0.508204,0.640417,0.278612,2080,4559,6639,Oct,56.666666666666664,201.6,171.6,573.0,535.25
654,2012-10-15,Winter,1,10,0,1,1,Mist/Cloudy,0.561667,0.53915,0.7075,0.296037,760,5115,5875,Oct,22.833333333333332,181.6,377.4,219.5,516.25
655,2012-10-16,Winter,1,10,0,2,1,Clear,0.468333,0.460846,0.558333,0.182221,922,6612,7534,Oct,20.833333333333332,307.6,421.8,297.25,643.25
656,2012-10-17,Winter,1,10,0,3,1,Clear,0.455833,0.450108,0.692917,0.101371,979,6482,7461,Oct,22.333333333333332,314.6,413.8,286.5,634.75
657,2012-10-18,Winter,1,10,0,4,1,Mist/Cloudy,0.5225,0.512625,0.728333,0.236937,1008,6501,7509,Oct,22.833333333333332,305.8,420.0,315.5,620.25
658,2012-10-19,Winter,1,10,0,5,1,Mist/Cloudy,0.563333,0.537896,0.815,0.134954,753,4671,5424,Oct,21.5,197.6,273.0,331.0,404.5
659,2012-10-20,Winter,1,10,0,6,0,Clear,0.484167,0.472842,0.572917,0.117537,2806,5284,8090,Oct,59.333333333333336,253.0,215.0,685.0,663.5
660,2012-10-21,Winter,1,10,0,0,0,Clear,0.464167,0.456429,0.51,0.166054,2132,4692,6824,Oct,79.16666666666667,161.2,187.4,622.0,529.5
661,2012-10-22,Winter,1,10,0,1,1,Clear,0.4875,0.482942,0.568333,0.0814833,830,6228,7058,Oct,17.666666666666668,287.4,379.2,272.75,632.0
662,2012-10-23,Winter,1,10,0,2,1,Clear,0.544167,0.530304,0.641667,0.0945458,841,6625,7466,Oct,19.833333333333332,292.2,401.0,307.5,662.75
663,2012-10-24,Winter,1,10,0,3,1,Clear,0.5875,0.558721,0.63625,0.0727792,795,6898,7693,Oct,23.666666666666668,337.4,408.8,289.75,665.25
664,2012-10-25,Winter,1,10,0,4,1,Mist/Cloudy,0.55,0.529688,0.800417,0.124375,875,6484,7359,Oct,31.666666666666668,300.4,402.6,288.75,624.75
665,2012-10-26,Winter,1,10,0,5,1,Mist/Cloudy,0.545833,0.52275,0.807083,0.132467,1182,6262,7444,Oct,32.333333333333336,293.8,379.8,342.5,628.0
666,2012-10-27,Winter,1,10,0,6,0,Mist/Cloudy,0.53,0.515133,0.72,0.235692,2643,5209,7852,Oct,71.0,225.8,227.4,690.75,599.25
667,2012-10-28,Winter,1,10,0,0,0,Mist/Cloudy,0.4775,0.467771,0.694583,0.398008,998,3461,4459,Oct,82.16666666666667,41.2,208.2,436.5,243.25
668,2012-10-29,Winter,1,10,0,1,1,Light Snow/Rain,0.44,0.4394,0.88,0.3582,2,20,22,Oct,22.0,,,,
669,2012-10-30,Winter,1,10,0,2,1,Mist/Cloudy,0.318182,0.309909,0.825455,0.213009,87,1009,1096,Oct,,73.0,,121.0,122.25
670,2012-10-31,Winter,1,10,0,3,1,Mist/Cloudy,0.3575,0.3611,0.666667,0.166667,419,5147,5566,Oct,10.5,227.2,307.8,216.75,490.25
671,2012-11-01,Winter,1,11,0,4,1,Mist/Cloudy,0.365833,0.369942,0.581667,0.157346,466,5520,5986,Nov,29.166666666666668,267.4,345.0,206.0,481.25
672,2012-11-02,Winter,1,11,0,5,1,Clear,0.355,0.356042,0.522083,0.266175,618,5229,5847,Nov,20.0,203.8,350.4,267.25,471.75
673,2012-11-03,Winter,1,11,0,6,0,Mist/Cloudy,0.343333,0.323846,0.49125,0.270529,1029,4109,5138,Nov,49.333333333333336,176.0,153.8,409.5,388.75
674,2012-11-04,Winter,1,11,0,0,0,Clear,0.325833,0.329538,0.532917,0.179108,1201,3906,5107,Nov,54.833333333333336,117.4,158.4,487.75,362.0
675,2012-11-05,Winter,1,11,0,1,1,Clear,0.319167,0.308075,0.494167,0.236325,378,4881,5259,Nov,16.0,186.6,329.4,203.0,442.75
676,2012-11-06,Winter,1,11,0,2,1,Clear,0.280833,0.281567,0.567083,0.173513,466,5220,5686,Nov,13.5,221.6,343.4,245.5,449.5
677,2012-11-07,Winter,1,11,0,3,1,Mist/Cloudy,0.295833,0.274621,0.5475,0.304108,326,4709,5035,Nov,82.66666666666667,160.2,316.8,175.25,363.25
678,2012-11-08,Winter,1,11,0,4,1,Clear,0.352174,0.341891,0.333478,0.347835,340,4975,5315,Nov,15.6,219.8,330.2,204.0,417.75
679,2012-11-09,Winter,1,11,0,5,1,Clear,0.361667,0.355413,0.540833,0.214558,709,5283,5992,Nov,22.833333333333332,228.0,337.8,271.5,485.0
680,2012-11-10,Winter,1,11,0,6,0,Clear,0.389167,0.393937,0.645417,0.0578458,2090,4446,6536,Nov,46.333333333333336,206.8,168.4,587.5,508.0
681,2012-11-11,Winter,1,11,0,0,0,Clear,0.420833,0.421713,0.659167,0.1275,2290,4562,6852,Nov,62.166666666666664,178.2,176.8,607.25,568.75
682,2012-11-12,Winter,1,11,1,1,0,Clear,0.485,0.475383,0.741667,0.173517,1097,5172,6269,Nov,21.833333333333332,197.4,307.6,412.5,490.75
683,2012-11-13,Winter,1,11,0,2,1,Mist/Cloudy,0.343333,0.323225,0.662917,0.342046,327,3767,4094,Nov,11.833333333333334,197.0,114.4,193.0,423.5
684,2012-11-14,Winter,1,11,0,3,1,Clear,0.289167,0.281563,0.552083,0.199625,373,5122,5495,Nov,14.5,227.2,351.0,196.5,432.75
685,2012-11-15,Winter,1,11,0,4,1,Mist/Cloudy,0.321667,0.324492,0.620417,0.152987,320,5125,5445,Nov,16.833333333333332,234.6,335.8,199.25,423.75
686,2012-11-16,Winter,1,11,0,5,1,Clear,0.345,0.347204,0.524583,0.171025,484,5214,5698,Nov,23.666666666666668,205.4,351.4,259.25,433.75
687,2012-11-17,Winter,1,11,0,6,0,Clear,0.325,0.326383,0.545417,0.179729,1313,4316,5629,Nov,46.833333333333336,168.4,167.0,494.75,423.0
688,2012-11-18,Winter,1,11,0,0,0,Clear,0.3425,0.337746,0.692917,0.227612,922,3747,4669,Nov,61.166666666666664,116.4,141.8,419.0,333.75
689,2012-11-19,Winter,1,11,0,1,1,Mist/Cloudy,0.380833,0.375621,0.623333,0.235067,449,5050,5499,Nov,17.333333333333332,211.0,319.4,226.75,459.0
690,2012-11-20,Winter,1,11,0,2,1,Mist/Cloudy,0.374167,0.380667,0.685,0.082725,534,5100,5634,Nov,14.833333333333334,196.2,346.6,252.25,455.5
691,2012-11-21,Winter,1,11,0,3,1,Clear,0.353333,0.364892,0.61375,0.103246,615,4531,5146,Nov,14.833333333333334,125.8,292.4,340.75,400.75
692,2012-11-22,Winter,1,11,1,4,0,Clear,0.34,0.350371,0.580417,0.0528708,955,1470,2425,Nov,20.5,44.4,101.6,245.75,147.25
693,2012-11-23,Winter,1,11,0,5,1,Clear,0.368333,0.378779,0.56875,0.148021,1603,2307,3910,Nov,10.833333333333334,108.0,100.8,372.25,328.0
694,2012-11-24,Winter,1,11,0,6,0,Clear,0.278333,0.248742,0.404583,0.376871,532,1745,2277,Nov,18.5,69.8,72.2,204.25,159.75
695,2012-11-25,Winter,1,11,0,0,0,Clear,0.245833,0.257583,0.468333,0.1505,309,2115,2424,Nov,18.5,82.6,60.2,201.0,198.75
696,2012-11-26,Winter,1,11,0,1,1,Clear,0.313333,0.339004,0.535417,0.04665,337,4750,5087,Nov,15.666666666666666,199.6,312.0,196.25,412.5
697,2012-11-27,Winter,1,11,0,2,1,Mist/Cloudy,0.291667,0.281558,0.786667,0.237562,123,3836,3959,Nov,12.833333333333334,186.2,243.6,78.0,355.25
698,2012-11-28,Winter,1,11,0,3,1,Clear,0.296667,0.289762,0.50625,0.210821,198,5062,5260,Nov,13.666666666666666,221.0,344.0,186.0,402.25
699,2012-11-29,Winter,1,11,0,4,1,Clear,0.28087,0.298422,0.555652,0.115522,243,5080,5323,Nov,20.2,217.0,327.8,202.5,422.0
700,2012-11-30,Winter,1,11,0,5,1,Clear,0.298333,0.323867,0.649583,0.0584708,362,5306,5668,Nov,21.666666666666668,215.6,337.2,245.5,448.0
701,2012-12-01,Winter,1,12,0,6,0,Mist/Cloudy,0.298333,0.316904,0.806667,0.0597042,951,4240,5191,Dec,43.333333333333336,175.6,136.6,456.5,386.0
702,2012-12-02,Winter,1,12,0,0,0,Mist/Cloudy,0.3475,0.359208,0.823333,0.124379,892,3757,4649,Dec,54.166666666666664,114.8,121.0,444.75,341.5
703,2012-12-03,Winter,1,12,0,1,1,Clear,0.4525,0.455796,0.7675,0.0827208,555,5679,6234,Dec,15.833333333333334,247.6,341.8,270.5,527.5
704,2012-12-04,Winter,1,12,0,2,1,Clear,0.475833,0.469054,0.73375,0.174129,551,6055,6606,Dec,24.166666666666668,264.6,373.6,265.25,552.25
705,2012-12-05,Winter,1,12,0,3,1,Clear,0.438333,0.428012,0.485,0.324021,331,5398,5729,Dec,20.5,216.8,362.0,209.0,469.0
706,2012-12-06,Winter,1,12,0,4,1,Clear,0.255833,0.258204,0.50875,0.174754,340,5035,5375,Dec,18.666666666666668,203.4,318.6,217.5,445.75
707,2012-12-07,Winter,1,12,0,5,1,Mist/Cloudy,0.320833,0.321958,0.764167,0.1306,349,4659,5008,Dec,21.333333333333332,210.2,241.4,219.5,436.0
708,2012-12-08,Winter,1,12,0,6,0,Mist/Cloudy,0.381667,0.389508,0.91125,0.101379,1153,4429,5582,Dec,53.333333333333336,191.8,125.4,494.75,424.25
709,2012-12-09,Winter,1,12,0,0,0,Mist/Cloudy,0.384167,0.390146,0.905417,0.157975,441,2787,3228,Dec,61.0,91.0,84.0,270.5,226.25
710,2012-12-10,Winter,1,12,0,1,1,Mist/Cloudy,0.435833,0.435575,0.925,0.190308,329,4841,5170,Dec,12.0,236.4,283.6,184.25,440.25
711,2012-12-11,Winter,1,12,0,2,1,Mist/Cloudy,0.353333,0.338363,0.596667,0.296037,282,5219,5501,Dec,15.333333333333334,213.4,342.0,214.25,443.75
712,2012-12-12,Winter,1,12,0,3,1,Mist/Cloudy,0.2975,0.297338,0.538333,0.162937,310,5009,5319,Dec,19.166666666666668,214.6,321.2,216.75,414.5
713,2012-12-13,Winter,1,12,0,4,1,Clear,0.295833,0.294188,0.485833,0.174129,425,5107,5532,Dec,17.666666666666668,214.0,334.0,246.0,425.5
714,2012-12-14,Winter,1,12,0,5,1,Clear,0.281667,0.294192,0.642917,0.131229,429,5182,5611,Dec,23.0,196.8,318.0,274.0,450.75
715,2012-12-15,Winter,1,12,0,6,0,Clear,0.324167,0.338383,0.650417,0.10635,767,4280,5047,Dec,48.333333333333336,183.4,134.2,432.0,360.25
716,2012-12-16,Winter,1,12,0,0,0,Mist/Cloudy,0.3625,0.369938,0.83875,0.100742,538,3248,3786,Dec,58.5,91.8,102.0,344.5,272.0
717,2012-12-17,Winter,1,12,0,1,1,Mist/Cloudy,0.393333,0.4015,0.907083,0.0982583,212,4373,4585,Dec,13.333333333333334,152.2,287.2,198.25,378.75
718,2012-12-18,Winter,1,12,0,2,1,Clear,0.410833,0.409708,0.66625,0.221404,433,5124,5557,Dec,14.833333333333334,200.4,329.0,278.75,426.5
719,2012-12-19,Winter,1,12,0,3,1,Clear,0.3325,0.342162,0.625417,0.184092,333,4934,5267,Dec,17.0,192.4,326.8,216.75,425.5
720,2012-12-20,Winter,1,12,0,4,1,Mist/Cloudy,0.33,0.335217,0.667917,0.132463,314,3814,4128,Dec,19.166666666666668,45.6,309.0,208.25,351.75
721,2012-12-21,Spring,1,12,0,5,1,Mist/Cloudy,0.326667,0.301767,0.556667,0.374383,221,3402,3623,Dec,8.5,87.6,236.2,211.25,277.0
722,2012-12-22,Spring,1,12,0,6,0,Clear,0.265833,0.236113,0.44125,0.407346,205,1544,1749,Dec,17.666666666666668,50.6,54.0,156.0,124.0
723,2012-12-23,Spring,1,12,0,0,0,Clear,0.245833,0.259471,0.515417,0.133083,408,1379,1787,Dec,14.0,47.0,45.0,177.25,133.5
724,2012-12-24,Spring,1,12,0,1,1,Mist/Cloudy,0.231304,0.2589,0.791304,0.0772304,174,746,920,Dec,8.0,17.2,60.2,93.75,29.5
725,2012-12-25,Spring,1,12,1,2,0,Mist/Cloudy,0.291304,0.294465,0.734783,0.168726,440,573,1013,Dec,7.4,31.8,16.8,111.75,71.5
726,2012-12-26,Spring,1,12,0,3,1,Light Snow/Rain,0.243333,0.220333,0.823333,0.316546,9,432,441,Dec,5.333333333333333,21.6,24.8,13.75,30.5
727,2012-12-27,Spring,1,12,0,4,1,Mist/Cloudy,0.254167,0.226642,0.652917,0.350133,247,1867,2114,Dec,4.166666666666667,68.2,110.2,112.25,187.0
728,2012-12-28,Spring,1,12,0,5,1,Mist/Cloudy,0.253333,0.255046,0.59,0.155471,644,2451,3095,Dec,10.0,87.6,151.0,220.75,239.75
729,2012-12-29,Spring,1,12,0,6,0,Mist/Cloudy,0.253333,0.2424,0.752917,0.124383,159,1182,1341,Dec,15.666666666666666,61.8,31.8,68.75,126.0
730,2012-12-30,Spring,1,12,0,0,0,Clear,0.255833,0.2317,0.483333,0.350754,364,1432,1796,Dec,18.666666666666668,61.2,50.0,152.25,129.75
731,2012-12-31,Spring,1,12,0,1,1,Mist/Cloudy,0.215833,0.223487,0.5775,0.154846,439,2290,2729,Dec,12.833333333333334,81.6,119.6,207.75,203.75
